H R 5046,YEA,NAY,,H.R.4641,YEA,NAY,,H RES 720,YEA,NAY,,H RES 720,YEA,NAY,,H R 5052,YEA,NAY,,H R 6,YEA,NAY,,H R 6,YEA,NAY,,H RES 949,YEA,NAY,,H RES 949,YEA,NAY,,H R 5687,YEA,NAY,,H R 5788,YEA,NAY,,H RES 934,YEA,NAY,,H RES 934,YEA,NAY,,H R 5327,YEA,NAY,,H R 3832,YEA,NAY
,Abraham,Amash,,,Abraham,Amash,,,Abraham,Adams,,,Abraham,Adams,,,Abraham,Serrano,,,Abraham,Amash,,,Adams,Abraham,,,Abraham,Adams,,,Abraham,Adams,,,Abraham,Amash,,,Abraham,Amash,,,Abraham,Adams,,,Abraham,Adams,,,Abraham,Amash,,,Abraham,Amash
,Adams,Brooks (AL),,,Adams,Brooks (AL),,,Aderholt,Aguilar,,,Aderholt,Aguilar,,,Adams,,,,Adams,Biggs,,,Aguilar,Aderholt,,,Aderholt,Aguilar,,,Aderholt,Aguilar,,,Adams,Biggs,,,Adams,Bass,,,Aderholt,Aguilar,,,Aderholt,Aguilar,,,Adams,Biggs,,,Adams,Massie
,Aderholt,Gohmert,,,Aderholt,Labrador,,,Allen,Ashford,,,Allen,Ashford,,,Aderholt,,,,Aderholt,Brooks (AL),,,Barragán,Allen,,,Allen,Amash,,,Allen,Barragán,,,Aderholt,Brooks (AL),,,Aderholt,Brown (MD),,,Allen,Barragán,,,Allen,Barragán,,,Aderholt,Brooks (AL),,,Aderholt,
,Aguilar,Massie,,,Aguilar,Massie,,,Amash,Bass,,,Amash,Bass,,,Aguilar,,,,Aguilar,Gaetz,,,Bass,Amash,,,Amodei,Barragán,,,Amash,Bass,,,Aguilar,Davidson,,,Aguilar,Carson (IN),,,Amash,Bass,,,Amash,Bass,,,Aguilar,Buck,,,Aguilar,
,Allen,Sanford,,,Allen,,,,Amodei,Beatty,,,Amodei,Beatty,,,Allen,,,,Allen,Garrett,,,Beatty,Amodei,,,Arrington,Bass,,,Amodei,Beatty,,,Allen,Gaetz,,,Allen,"Chu, Judy",,,Amodei,Bera,,,Amodei,Bera,,,Allen,Duncan (TN),,,Allen,
,Amodei,,,,Amodei,,,,Babin,Becerra,,,Babin,Becerra,,,Amash,,,,Amodei,Gohmert,,,Bera,Arrington,,,Babin,Beatty,,,Arrington,Bera,,,Amodei,Garrett,,,Amodei,Clarke (NY),,,Arrington,Beyer,,,Arrington,Beyer,,,Amodei,Gaetz,,,Amodei,
,Ashford,,,,Ashford,,,,Barletta,Bera,,,Barletta,Beyer,,,Amodei,,,,Arrington,Gonzalez (TX),,,Beyer,Babin,,,Bacon,Bera,,,Babin,Beyer,,,Arrington,Gohmert,,,Arrington,Clay,,,Babin,Bishop (GA),,,Bacon,Bishop (GA),,,Arrington,Garrett,,,Arrington,
,Babin,,,,Babin,,,,Barr,Beyer,,,Barton,Bishop (GA),,,Ashford,,,,Babin,Gosar,,,Bishop (GA),Bacon,,,Banks (IN),Beyer,,,Bacon,Bishop (GA),,,Babin,Labrador,,,Babin,Cleaver,,,Bacon,Blumenauer,,,Banks (IN),Blumenauer,,,Babin,Gosar,,,Babin,
,Barletta,,,,Barletta,,,,Barton,Bishop (GA),,,Benishek,Blumenauer,,,Babin,,,,Bacon,Jones,,,Blum,Banks (IN),,,Barletta,Bishop (GA),,,Banks (IN),Blumenauer,,,Bacon,Massie,,,Bacon,Cohen,,,Banks (IN),Blunt Rochester,,,Barletta,Blunt Rochester,,,Bacon,"Hice, Jody B.",,,Bacon,
,Barr,,,,Barr,,,,Benishek,Blumenauer,,,Bilirakis,Bonamici,,,Barletta,,,,Banks (IN),Labrador,,,Blumenauer,Barletta,,,Barr,Blumenauer,,,Barletta,Blunt Rochester,,,Barr,McClintock,,,Banks (IN),"Davis, Danny",,,Barletta,Bonamici,,,Barr,Bonamici,,,Banks (IN),Jones,,,Banks (IN),
,Barton,,,,Barton,,,,Bilirakis,Bonamici,,,Bishop (MI),"Boyle, Brendan F.",,,Barr,,,,Barletta,Loudermilk,,,Blunt Rochester,Barr,,,Barton,Blunt Rochester,,,Barr,Bonamici,,,Barragán,Perry,,,Barletta,Demings,,,Barr,"Boyle, Brendan F.",,,Barton,"Boyle, Brendan F.",,,Barletta,Massie,,,Barletta,
,Bass,,,,Bass,,,,Bishop (MI),"Boyle, Brendan F.",,,Blackburn,Brady (PA),,,Barton,,,,Barr,Massie,,,Bonamici,Barton,,,Biggs,Bonamici,,,Barton,"Boyle, Brendan F.",,,Barton,Poe (TX),,,Barr,DeSaulnier,,,Barton,Brady (PA),,,Bergman,Brady (PA),,,Barr,McClintock,,,Barr,
,Beatty,,,,Beatty,,,,Bishop (UT),Brady (PA),,,Blum,Brown (FL),,,Bass,,,,Barragán,McClintock,,,"Boyle, Brendan F.",Bergman,,,Bilirakis,"Boyle, Brendan F.",,,Bergman,Brady (PA),,,Bass,Yoho,,,Barragán,Doggett,,,Bergman,Brown (MD),,,Biggs,Brown (MD),,,Barragán,Rohrabacher,,,Barragán,
,Becerra,,,,Becerra,,,,Black,Brown (FL),,,Bost,Brownley (CA),,,Beatty,,,,Barton,Sanford,,,Brady (PA),Biggs,,,Bishop (MI),Brady (PA),,,Biggs,Brown (MD),,,Bera,,,,Barton,Fudge,,,Biggs,Brownley (CA),,,Bishop (MI),Brownley (CA),,,Barton,,,,Barton,
,Benishek,,,,Benishek,,,,Blackburn,Brownley (CA),,,Boustany,Bustos,,,Becerra,,,,Bass,,,,Brown (MD),Bilirakis,,,Bishop (UT),Brown (MD),,,Bilirakis,Brownley (CA),,,Beyer,,,,Bera,Gonzalez (TX),,,Bishop (MI),Bustos,,,Bishop (UT),Bustos,,,Bass,,,,Bass,
,Bera,,,,Bera,,,,Blum,Bustos,,,Brat,Butterfield,,,Benishek,,,,Beatty,,,,Brownley (CA),Bishop (MI),,,Blackburn,Brownley (CA),,,Bishop (MI),Bustos,,,Bilirakis,,,,Bergman,"Green, Al",,,Bishop (UT),Butterfield,,,Black,Butterfield,,,Bera,,,,Beatty,
,Beyer,,,,Beyer,,,,Bost,Butterfield,,,Bridenstine,Capps,,,Bera,,,,Bera,,,,Bustos,Bishop (UT),,,Bost,Bustos,,,Blackburn,Butterfield,,,Bishop (GA),,,,Beyer,"Green, Gene",,,Black,Capuano,,,Blackburn,Capuano,,,Bergman,,,,Bera,
,Bilirakis,,,,Bilirakis,,,,Boustany,Capuano,,,Brooks (AL),Capuano,,,Beyer,,,,Bergman,,,,Butterfield,Blackburn,,,Brady (TX),Butterfield,,,Bost,Capuano,,,Bishop (MI),,,,Biggs,Grijalva,,,Blackburn,Carbajal,,,Blum,Carbajal,,,Beyer,,,,Bergman,
,Bishop (GA),,,,Bishop (GA),,,,Brady (TX),Cárdenas,,,Brooks (IN),Cárdenas,,,Bilirakis,,,,Beyer,,,,Capuano,Bost,,,Brat,Capuano,,,Brady (TX),Carbajal,,,Bishop (UT),,,,Bilirakis,Hastings,,,Blum,Cárdenas,,,Bost,Cárdenas,,,Bishop (GA),,,,Beyer,
,Bishop (MI),,,,Bishop (MI),,,,Brat,Carney,,,Buchanan,Carney,,,Bishop (GA),,,,Bilirakis,,,,Carbajal,Brady (TX),,,Brooks (AL),Carbajal,,,Brat,Cárdenas,,,Blunt Rochester,,,,Bishop (GA),Higgins (NY),,,Bost,Carson (IN),,,Brady (TX),Carson (IN),,,Bishop (MI),,,,Biggs,
,Bishop (UT),,,,Bishop (UT),,,,Bridenstine,Carson (IN),,,Buck,Carson (IN),,,Bishop (MI),,,,Bishop (GA),,,,Cárdenas,Brat,,,Brooks (IN),Cárdenas,,,Brooks (AL),Carson (IN),,,Bost,,,,Bishop (MI),Jackson Lee,,,Brady (TX),Cartwright,,,Brat,Cartwright,,,Bishop (UT),,,,Bilirakis,
,Black,,,,Black,,,,Brooks (AL),Castro (TX),,,Bucshon,Castro (TX),,,Bishop (UT),,,,Bishop (MI),,,,Carson (IN),Brooks (AL),,,Buchanan,Carson (IN),,,Brooks (IN),Cartwright,,,Brady (TX),,,,Bishop (UT),Jayapal,,,Brat,Castor (FL),,,Brooks (AL),Castor (FL),,,Black,,,,Bishop (GA),
,Blackburn,,,,Blackburn,,,,Brooks (IN),"Chu, Judy",,,Burgess,"Chu, Judy",,,Black,,,,Bishop (UT),,,,Cartwright,Brooks (IN),,,Buck,Cartwright,,,Buchanan,Castor (FL),,,Brat,,,,Blackburn,Jeffries,,,Brooks (AL),Castro (TX),,,Brooks (IN),Castro (TX),,,Blum,,,,Bishop (MI),
,Blum,,,,Blum,,,,Buchanan,Cicilline,,,Byrne,Cicilline,,,Blackburn,,,,Blackburn,,,,Castor (FL),Buchanan,,,Bucshon,Castor (FL),,,Buck,Castro (TX),,,Brooks (IN),,,,Blum,Johnson (GA),,,Brooks (IN),Cicilline,,,Buchanan,Cicilline,,,Blumenauer,,,,Bishop (UT),
,Blumenauer,,,,Blumenauer,,,,Buck,Clark (MA),,,Calvert,Clark (MA),,,Blum,,,,Blum,,,,Castro (TX),Buck,,,Budd,Castro (TX),,,Bucshon,"Chu, Judy",,,Brown (MD),,,,Blumenauer,Kelly (IL),,,Buchanan,Clark (MA),,,Buck,Clark (MA),,,Blunt Rochester,,,,Blackburn,
,Bonamici,,,,Bonamici,,,,Bucshon,Clarke (NY),,,Carter (GA),Clarke (NY),,,Blumenauer,,,,Blumenauer,,,,"Chu, Judy",Bucshon,,,Burgess,"Chu, Judy",,,Budd,Cicilline,,,Brownley (CA),,,,Blunt Rochester,Khanna,,,Buck,Clarke (NY),,,Bucshon,Clarke (NY),,,Bonamici,,,,Blumenauer,
,Bost,,,,Bost,,,,Burgess,Clay,,,Carter (TX),Clay,,,Bonamici,,,,Blunt Rochester,,,,Cicilline,Budd,,,Byrne,Cicilline,,,Burgess,Clark (MA),,,Buck,,,,Bonamici,Lawrence,,,Bucshon,Clay,,,Budd,Clay,,,Bost,,,,Blunt Rochester,
,Boustany,,,,"Boyle, Brendan F.",,,,Byrne,Cleaver,,,Chabot,Cleaver,,,Bost,,,,Bonamici,,,,Clark (MA),Burgess,,,Calvert,Clark (MA),,,Byrne,Clarke (NY),,,Bucshon,,,,Bost,Lewis (GA),,,Budd,Cleaver,,,Burgess,Cleaver,,,"Boyle, Brendan F.",,,,Bonamici,
,"Boyle, Brendan F.",,,,Brady (PA),,,,Calvert,Clyburn,,,Chaffetz,Clyburn,,,Boustany,,,,Bost,,,,Clarke (NY),Byrne,,,Carter (GA),Clarke (NY),,,Calvert,Clay,,,Budd,,,,"Boyle, Brendan F.",Lowenthal,,,Burgess,Clyburn,,,Byrne,Clyburn,,,Brady (TX),,,,Bost,
,Brady (PA),,,,Brady (TX),,,,Carter (GA),Cohen,,,Clawson (FL),Cohen,,,"Boyle, Brendan F.",,,,"Boyle, Brendan F.",,,,Clay,Calvert,,,Carter (TX),Clay,,,Carter (GA),Cleaver,,,Burgess,,,,Brady (PA),McCollum,,,Byrne,Cohen,,,Calvert,Cohen,,,Brat,,,,"Boyle, Brendan F.",
,Brady (TX),,,,Brat,,,,Carter (TX),Connolly,,,Coffman,Connolly,,,Brady (PA),,,,Brady (PA),,,,Cleaver,Carter (GA),,,Chabot,Cleaver,,,Carter (TX),Clyburn,,,Bustos,,,,Brady (TX),McEachin,,,Calvert,Connolly,,,Carter (GA),Connolly,,,Brooks (IN),,,,Brady (TX),
,Brat,,,,Bridenstine,,,,Chabot,Conyers,,,Cole,Conyers,,,Brady (TX),,,,Brady (TX),,,,Clyburn,Carter (TX),,,Coffman,Clyburn,,,Chabot,Cohen,,,Byrne,,,,Brat,Mooney (WV),,,Carter (GA),Cooper,,,Carter (TX),Cooper,,,Brown (MD),,,,Brat,
,Bridenstine,,,,Brooks (IN),,,,Chaffetz,Courtney,,,Collins (GA),Cooper,,,Brat,,,,Brat,,,,Cohen,Chabot,,,Cole,Cohen,,,Coffman,Connolly,,,Calvert,,,,Brooks (AL),Moore,,,Carter (TX),Correa,,,Chabot,Correa,,,Brownley (CA),,,,Brooks (AL),
,Brooks (IN),,,,Brown (FL),,,,Clawson (FL),Crowley,,,Collins (NY),Courtney,,,Bridenstine,,,,Brooks (IN),,,,Connolly,Cheney,,,Collins (NY),Connolly,,,Cole,Cooper,,,Carbajal,,,,Brooks (IN),Napolitano,,,Chabot,Costa,,,Cheney,Costa,,,Buchanan,,,,Brooks (IN),
,Brown (FL),,,,Brownley (CA),,,,Coffman,Cummings,,,Comstock,Crowley,,,Brooks (AL),,,,Brown (MD),,,,Cooper,Coffman,,,Comer,Cooper,,,Collins (NY),Correa,,,Cárdenas,,,,Brownley (CA),Nolan,,,Cheney,Courtney,,,Coffman,Courtney,,,Bucshon,,,,Brownley (CA),
,Brownley (CA),,,,Buchanan,,,,Cole,Davis (CA),,,Conaway,Cuellar,,,Brooks (IN),,,,Brownley (CA),,,,Correa,Cole,,,Comstock,Correa,,,Comer,Costa,,,Carson (IN),,,,Buchanan,Norcross,,,Coffman,Crist,,,Cole,Crist,,,Budd,,,,Buck,
,Buchanan,,,,Buck,,,,Collins (GA),"Davis, Danny",,,Cook,Cummings,,,Brown (FL),,,,Buchanan,,,,Costa,Collins (NY),,,Conaway,Costa,,,Comstock,Courtney,,,Carter (TX),,,,Buck,Payne,,,Cole,Cuellar,,,Collins (GA),Cuellar,,,Burgess,,,,Bucshon,
,Buck,,,,Bucshon,,,,Collins (NY),DeFazio,,,Costello (PA),Davis (CA),,,Brownley (CA),,,,Buck,,,,Courtney,Comer,,,Cook,Courtney,,,Conaway,Crist,,,Cartwright,,,,Bucshon,Pocan,,,Collins (GA),Cummings,,,Collins (NY),Cummings,,,Bustos,,,,Budd,
,Bucshon,,,,Burgess,,,,Comstock,DeGette,,,Cramer,"Davis, Danny",,,Buchanan,,,,Bucshon,,,,Crist,Comstock,,,Costello (PA),Crist,,,Cook,Crowley,,,Castor (FL),,,,Budd,Polis,,,Collins (NY),Davis (CA),,,Comer,Davis (CA),,,Butterfield,,,,Burgess,
,Burgess,,,,Bustos,,,,Conaway,Delaney,,,Crawford,DeFazio,,,Buck,,,,Budd,,,,Cuellar,Conaway,,,Cramer,Crowley,,,Costello (PA),Cuellar,,,Castro (TX),,,,Burgess,Raskin,,,Comer,"Davis, Danny",,,Comstock,"Davis, Danny",,,Byrne,,,,Bustos,
,Bustos,,,,Butterfield,,,,Cook,DeLauro,,,Crenshaw,DeGette,,,Bucshon,,,,Burgess,,,,Cummings,Cook,,,Crawford,Cuellar,,,Cramer,Cummings,,,Chabot,,,,Bustos,Richmond,,,Comstock,DeFazio,,,Conaway,DeFazio,,,Calvert,,,,Butterfield,
,Butterfield,,,,Byrne,,,,Cooper,DelBene,,,Culberson,Delaney,,,Burgess,,,,Bustos,,,,Davis (CA),Costello (PA),,,Culberson,Cummings,,,Crawford,Davis (CA),,,Cheney,,,,Butterfield,Roybal-Allard,,,Conaway,DeGette,,,Cook,DeGette,,,Capuano,,,,Byrne,
,Byrne,,,,Calvert,,,,Costa,DeSaulnier,,,Curbelo (FL),DeLauro,,,Bustos,,,,Butterfield,,,,"Davis, Danny",Cramer,,,Curbelo (FL),Davis (CA),,,Culberson,"Davis, Danny",,,"Chu, Judy",,,,Byrne,Rush,,,Cook,Delaney,,,Costello (PA),Delaney,,,Carbajal,,,,Calvert,
,Calvert,,,,Capps,,,,Costello (PA),Deutch,,,"Davis, Rodney",DelBene,,,Butterfield,,,,Byrne,,,,DeFazio,Crawford,,,Curtis,"Davis, Danny",,,Curbelo (FL),DeFazio,,,Cicilline,,,,Calvert,Schakowsky,,,Costello (PA),DeLauro,,,Cramer,DeLauro,,,Cárdenas,,,,Capuano,
,Capps,,,,Capuano,,,,Cramer,Dingell,,,Denham,DeSaulnier,,,Byrne,,,,Calvert,,,,DeGette,Culberson,,,Davidson,DeFazio,,,Curtis,DeGette,,,Clarke (NY),,,,Capuano,Scott (VA),,,Cramer,DelBene,,,Crawford,DelBene,,,Carson (IN),,,,Carbajal,
,Capuano,,,,Cárdenas,,,,Crawford,Doggett,,,Dent,Deutch,,,Calvert,,,,Capuano,,,,DeLauro,Curbelo (FL),,,"Davis, Rodney",DeGette,,,"Davis, Rodney",Delaney,,,Clay,,,,Carbajal,Thompson (MS),,,Crawford,Demings,,,Culberson,Demings,,,Carter (GA),,,,Cárdenas,
,Cárdenas,,,,Carney,,,,Crenshaw,"Doyle, Michael F.",,,DeSantis,Dingell,,,Capps,,,,Carbajal,,,,DelBene,Curtis,,,Denham,Delaney,,,Denham,DeLauro,,,Cleaver,,,,Cárdenas,Titus,,,Culberson,DeSaulnier,,,Curbelo (FL),DeSaulnier,,,Carter (TX),,,,Carson (IN),
,Carney,,,,Carson (IN),,,,Cuellar,Edwards,,,DesJarlais,Doggett,,,Capuano,,,,Cárdenas,,,,Demings,Davidson,,,DeSantis,DeLauro,,,DeSantis,DelBene,,,Coffman,,,,Carter (GA),Veasey,,,Curbelo (FL),Deutch,,,Curtis,Deutch,,,Cartwright,,,,Carter (GA),
,Carson (IN),,,,Carter (GA),,,,Culberson,Engel,,,Diaz-Balart,"Doyle, Michael F.",,,Cárdenas,,,,Carson (IN),,,,DeSaulnier,"Davis, Rodney",,,DesJarlais,DelBene,,,DesJarlais,Demings,,,Cohen,,,,Cartwright,Velázquez,,,Curtis,Dingell,,,Davidson,Dingell,,,Castor (FL),,,,Carter (TX),
,Carter (GA),,,,Carter (TX),,,,Curbelo (FL),Eshoo,,,Dold,Duckworth,,,Carney,,,,Carter (GA),,,,Deutch,Denham,,,Diaz-Balart,Demings,,,Diaz-Balart,DeSaulnier,,,Cole,,,,Castor (FL),"Waters, Maxine",,,Davidson,Doggett,,,"Davis, Rodney",Doggett,,,Castro (TX),,,,Cartwright,
,Carter (TX),,,,Castro (TX),,,,"Davis, Rodney",Esty,,,Donovan,Edwards,,,Carson (IN),,,,Carter (TX),,,,Dingell,DeSantis,,,Donovan,DeSaulnier,,,Donovan,Deutch,,,Collins (NY),,,,Castro (TX),Watson Coleman,,,"Davis, Rodney","Doyle, Michael F.",,,Denham,"Doyle, Michael F.",,,Chabot,,,,Castro (TX),
,Cartwright,,,,Chabot,,,,Denham,Farr,,,Duffy,Ellison,,,Carter (GA),,,,Cartwright,,,,Doggett,DesJarlais,,,Duffy,Deutch,,,Duffy,Dingell,,,Comer,,,,Chabot,Young (AK),,,Denham,Engel,,,DeSantis,Engel,,,Cheney,,,,Chabot,
,Castor (FL),,,,Chaffetz,,,,Dent,Foster,,,Duncan (SC),Engel,,,Carter (TX),,,,Castor (FL),,,,"Doyle, Michael F.",Diaz-Balart,,,Duncan (SC),Dingell,,,Duncan (TN),Doggett,,,Comstock,,,,Cheney,,,,DeSantis,Eshoo,,,DesJarlais,Eshoo,,,"Chu, Judy",,,,Cheney,
,Castro (TX),,,,"Chu, Judy",,,,DeSantis,Frankel (FL),,,Duncan (TN),Eshoo,,,Cartwright,,,,Castro (TX),,,,Engel,Donovan,,,Duncan (TN),Doggett,,,Dunn,"Doyle, Michael F.",,,Conaway,,,,Cicilline,,,,DesJarlais,Esty (CT),,,Diaz-Balart,Esty (CT),,,Cicilline,,,,"Chu, Judy",
,Chabot,,,,Cicilline,,,,DesJarlais,Fudge,,,Ellmers (NC),Esty,,,Castro (TX),,,,Chabot,,,,Eshoo,Duffy,,,Dunn,"Doyle, Michael F.",,,Emmer,Engel,,,Connolly,,,,Clark (MA),,,,Diaz-Balart,Evans,,,Donovan,Evans,,,Clark (MA),,,,Clark (MA),
,Chaffetz,,,,Clark (MA),,,,Diaz-Balart,Gabbard,,,Emmer (MN),Farr,,,Chabot,,,,Cheney,,,,Espaillat,Duncan (SC),,,Emmer,Engel,,,Estes (KS),Eshoo,,,Cook,,,,Clyburn,,,,Donovan,Foster,,,Duffy,Foster,,,Clarke (NY),,,,Clarke (NY),
,"Chu, Judy",,,,Clarke (NY),,,,Dold,Gallego,,,Farenthold,Foster,,,Chaffetz,,,,"Chu, Judy",,,,Esty (CT),Duncan (TN),,,Estes (KS),Eshoo,,,Faso,Espaillat,,,Cooper,,,,Coffman,,,,Duffy,Frankel (FL),,,Duncan (SC),Frankel (FL),,,Clay,,,,Clay,
,Cicilline,,,,Clawson (FL),,,,Donovan,Garamendi,,,Fitzpatrick,Frankel (FL),,,"Chu, Judy",,,,Cicilline,,,,Evans,Dunn,,,Faso,Espaillat,,,Ferguson,Esty (CT),,,Correa,,,,Cole,,,,Duncan (SC),Fudge,,,Duncan (TN),Fudge,,,Cleaver,,,,Cleaver,
,Clark (MA),,,,Clay,,,,Duckworth,Graham,,,Fleischmann,Fudge,,,Cicilline,,,,Clark (MA),,,,Foster,Emmer,,,Ferguson,Esty (CT),,,Fitzpatrick,Evans,,,Costa,,,,Collins (GA),,,,Duncan (TN),Gabbard,,,Dunn,Gabbard,,,Clyburn,,,,Clyburn,
,Clarke (NY),,,,Cleaver,,,,Duffy,Grayson,,,Fleming,Gabbard,,,Clark (MA),,,,Clarke (NY),,,,Frankel (FL),Estes (KS),,,Fitzpatrick,Evans,,,Fleischmann,Foster,,,Costello (PA),,,,Collins (NY),,,,Dunn,Gallego,,,Emmer,Gallego,,,Coffman,,,,Coffman,
,Clawson (FL),,,,Clyburn,,,,Duncan (SC),"Green, Al",,,Flores,Gallego,,,Clarke (NY),,,,Clay,,,,Fudge,Faso,,,Fleischmann,Foster,,,Flores,Fudge,,,Courtney,,,,Comer,,,,Emmer,Garamendi,,,Estes (KS),Garamendi,,,Cohen,,,,Cohen,
,Clay,,,,Coffman,,,,Duncan (TN),"Green, Gene",,,Forbes,Garamendi,,,Clay,,,,Cleaver,,,,Gabbard,Ferguson,,,Flores,Fudge,,,Fortenberry,Gabbard,,,Cramer,,,,Conaway,,,,Estes (KS),Gonzalez (TX),,,Faso,Gonzalez (TX),,,Cole,,,,Cole,
,Cleaver,,,,Cohen,,,,Ellison,Gutiérrez,,,Fortenberry,Graham,,,Cleaver,,,,Clyburn,,,,Gallego,Fitzpatrick,,,Fortenberry,Gabbard,,,Foxx,Gallego,,,Crist,,,,Connolly,,,,Faso,"Green, Gene",,,Ferguson,Gottheimer,,,Collins (GA),,,,Collins (GA),
,Clyburn,,,,Cole,,,,Ellmers (NC),Hahn,,,Foxx,Grayson,,,Clyburn,,,,Coffman,,,,Garamendi,Fleischmann,,,Foxx,Gallego,,,Frelinghuysen,Garamendi,,,Crowley,,,,Cook,,,,Ferguson,Hanabusa,,,Fitzpatrick,"Green, Gene",,,Collins (NY),,,,Collins (NY),
,Coffman,,,,Collins (NY),,,,Emmer (MN),Heck (WA),,,Franks (AZ),"Green, Al",,,Coffman,,,,Cohen,,,,Gomez,Flores,,,Frelinghuysen,Garamendi,,,Gaetz,Gomez,,,Cuellar,,,,Cooper,,,,Fitzpatrick,Hastings,,,Fleischmann,Hanabusa,,,Comer,,,,Comer,
,Cohen,,,,Comstock,,,,Farenthold,Honda,,,Frelinghuysen,"Green, Gene",,,Cohen,,,,Cole,,,,Gonzalez (TX),Fortenberry,,,Gaetz,Gomez,,,Garrett,Gonzalez (TX),,,Curbelo (FL),,,,Correa,,,,Fleischmann,Heck,,,Flores,Hastings,,,Comstock,,,,Comstock,
,Cole,,,,Conaway,,,,Fitzpatrick,Hoyer,,,Garrett,Gutiérrez,,,Cole,,,,Collins (NY),,,,Gottheimer,Foxx,,,Garrett,Gonzalez (TX),,,Gianforte,Gottheimer,,,Curtis,,,,Costa,,,,Flores,Higgins (NY),,,Fortenberry,Heck,,,Conaway,,,,Conaway,
,Collins (GA),,,,Connolly,,,,Fleischmann,Huffman,,,Gibbs,Hahn,,,Collins (GA),,,,Comer,,,,"Green, Al",Frelinghuysen,,,Gianforte,"Green, Al",,,Gibbs,"Green, Al",,,Davis (CA),,,,Costello (PA),,,,Fortenberry,Himes,,,Foxx,Higgins (NY),,,Connolly,,,,Connolly,
,Collins (NY),,,,Conyers,,,,Fleming,Israel,,,Gibson,Heck (WA),,,Collins (NY),,,,Comstock,,,,"Green, Gene",Gaetz,,,Gibbs,"Green, Gene",,,Gohmert,"Green, Gene",,,"Davis, Rodney",,,,Courtney,,,,Foxx,Hoyer,,,Frelinghuysen,Himes,,,Cook,,,,Cook,
,Comstock,,,,Cook,,,,Flores,Jackson Lee,,,Gohmert,Higgins,,,Comstock,,,,Conaway,,,,Grijalva,Gallagher,,,Gohmert,Grijalva,,,Goodlatte,Grijalva,,,DeFazio,,,,Cramer,,,,Frelinghuysen,Jackson Lee,,,Gaetz,Hoyer,,,Cooper,,,,Cooper,
,Conaway,,,,Cooper,,,,Forbes,Jeffries,,,Goodlatte,Himes,,,Conaway,,,,Connolly,,,,Gutiérrez,Garrett,,,Goodlatte,Gutiérrez,,,Gosar,Gutiérrez,,,DeGette,,,,Crawford,,,,Gaetz,Jeffries,,,Gallagher,Huffman,,,Correa,,,,Correa,
,Connolly,,,,Costa,,,,Fortenberry,Johnson (GA),,,Gowdy,Hinojosa,,,Connolly,,,,Cook,,,,Hastings,Gianforte,,,Gosar,Hanabusa,,,Gowdy,Hanabusa,,,Delaney,,,,Crist,,,,Gallagher,Johnson (GA),,,Garrett,Jackson Lee,,,Costa,,,,Costa,
,Conyers,,,,Costello (PA),,,,Foxx,"Johnson, E. B.",,,Granger,Honda,,,Conyers,,,,Cooper,,,,Heck,Gibbs,,,Gottheimer,Hastings,,,Granger,Hastings,,,DeLauro,,,,Crowley,,,,Garrett,"Johnson, E. B.",,,Gianforte,Jayapal,,,Courtney,,,,Costello (PA),
,Cook,,,,Courtney,,,,Franks (AZ),Kelly (IL),,,Graves (GA),Hoyer,,,Cook,,,,Correa,,,,Higgins (NY),Gohmert,,,Gowdy,Heck,,,Graves (GA),Heck,,,DelBene,,,,Cuellar,,,,Gianforte,Kaptur,,,Gibbs,Jeffries,,,Cramer,,,,Courtney,
,Cooper,,,,Cramer,,,,Frelinghuysen,Kennedy,,,Graves (LA),Huffman,,,Cooper,,,,Costa,,,,Himes,Goodlatte,,,Granger,Higgins (NY),,,Graves (LA),Higgins (NY),,,Demings,,,,Culberson,,,,Gibbs,Keating,,,Gohmert,Johnson (GA),,,Crist,,,,Cramer,
,Costa,,,,Crawford,,,,Garrett,Kildee,,,Graves (MO),Israel,,,Costa,,,,Costello (PA),,,,Hoyer,Gosar,,,Graves (GA),Himes,,,Griffith,Himes,,,Denham,,,,Cummings,,,,Gohmert,Kelly (IL),,,Goodlatte,"Johnson, E. B.",,,Crowley,,,,Crawford,
,Costello (PA),,,,Crenshaw,,,,Gibbs,Kilmer,,,Griffith,Jackson Lee,,,Costello (PA),,,,Courtney,,,,Huffman,Gowdy,,,Graves (LA),Hoyer,,,Grothman,Hoyer,,,DeSantis,,,,Curbelo (FL),,,,Goodlatte,Kennedy,,,Gosar,Kaptur,,,Cuellar,,,,Crist,
,Courtney,,,,Crowley,,,,Gibson,Kind,,,Grothman,Jeffries,,,Courtney,,,,Cramer,,,,Jackson Lee,Granger,,,Griffith,Huffman,,,Guthrie,Huffman,,,DeSaulnier,,,,Curtis,,,,Gottheimer,Khanna,,,Gowdy,Keating,,,Culberson,,,,Crowley,
,Cramer,,,,Cuellar,,,,Gohmert,Kirkpatrick,,,Guinta,Johnson (GA),,,Cramer,,,,Crawford,,,,Jayapal,Graves (GA),,,Grothman,Jackson Lee,,,Handel,Jackson Lee,,,DesJarlais,,,,Davidson,,,,Gowdy,Kihuen,,,Granger,Kelly (IL),,,Cummings,,,,Cuellar,
,Crawford,,,,Culberson,,,,Goodlatte,Kuster,,,Guthrie,"Johnson, E. B.",,,Crawford,,,,Crist,,,,Jeffries,Graves (LA),,,Guthrie,Jayapal,,,Harper,Jayapal,,,Deutch,,,,Davis (CA),,,,Granger,Kildee,,,Graves (GA),Kennedy,,,Curbelo (FL),,,,Culberson,
,Crenshaw,,,,Cummings,,,,Gosar,Langevin,,,Hanna,Kaptur,,,Crenshaw,,,,Cuellar,,,,Johnson (GA),Graves (MO),,,Handel,Jeffries,,,Harris,Jeffries,,,Diaz-Balart,,,,"Davis, Rodney",,,,Graves (GA),Kilmer,,,Graves (LA),Khanna,,,Curtis,,,,Curbelo (FL),
,Crowley,,,,Curbelo (FL),,,,Gowdy,Larsen (WA),,,Hardy,Keating,,,Crowley,,,,Culberson,,,,"Johnson, E. B.",Griffith,,,Harper,Johnson (GA),,,Hartzler,Johnson (GA),,,Dingell,,,,DeGette,,,,Graves (LA),Kind,,,Graves (MO),Kihuen,,,Davidson,,,,Curtis,
,Cuellar,,,,Davis (CA),,,,Granger,Larson (CT),,,Harper,Kelly (IL),,,Cuellar,,,,Cummings,,,,Kaptur,Grothman,,,Harris,Jones,,,Hensarling,Kaptur,,,Doggett,,,,Delaney,,,,Graves (MO),Krishnamoorthi,,,Griffith,Kildee,,,Davis (CA),,,,Davidson,
,Culberson,,,,"Davis, Danny",,,,Graves (GA),Lawrence,,,Harris,Kennedy,,,Culberson,,,,Curbelo (FL),,,,Keating,Guthrie,,,Hartzler,Kaptur,,,Herrera Beutler,Keating,,,Donovan,,,,DeLauro,,,,Griffith,Kuster (NH),,,Guthrie,Kilmer,,,"Davis, Rodney",,,,Davis (CA),
,Cummings,,,,"Davis, Rodney",,,,Graves (LA),Lee,,,Hartzler,Kildee,,,Cummings,,,,Curtis,,,,Kelly (IL),Handel,,,Hensarling,Keating,,,"Hice, Jody B.",Kelly (IL),,,"Doyle, Michael F.",,,,DelBene,,,,Grothman,Langevin,,,Handel,Kind,,,DeFazio,,,,"Davis, Danny",
,Curbelo (FL),,,,DeFazio,,,,Graves (MO),Levin,,,Hensarling,Kilmer,,,Curbelo (FL),,,,Davidson,,,,Kennedy,Harper,,,Herrera Beutler,Kelly (IL),,,Higgins (LA),Kennedy,,,Duffy,,,,Denham,,,,Guthrie,Larsen (WA),,,Harper,Krishnamoorthi,,,DeGette,,,,"Davis, Rodney",
,Davis (CA),,,,DeGette,,,,Griffith,Lewis,,,"Hice, Jody B.",Kind,,,Davis (CA),,,,Davis (CA),,,,Khanna,Harris,,,"Hice, Jody B.",Kennedy,,,Hill,Khanna,,,Duncan (SC),,,,DeSantis,,,,Handel,Larson (CT),,,Harris,Kuster (NH),,,Delaney,,,,DeFazio,
,"Davis, Danny",,,,Delaney,,,,Grothman,"Lieu, Ted",,,Hill,Kirkpatrick,,,"Davis, Danny",,,,"Davis, Danny",,,,Kihuen,Hartzler,,,Higgins (LA),Khanna,,,Holding,Kihuen,,,Duncan (TN),,,,DesJarlais,,,,Harper,Lawrence,,,Hartzler,Lamb,,,DelBene,,,,DeGette,
,"Davis, Rodney",,,,DeLauro,,,,Guinta,Lipinski,,,Holding,Kuster,,,"Davis, Rodney",,,,"Davis, Rodney",,,,Kildee,Hensarling,,,Hill,Kihuen,,,Hollingsworth,Kildee,,,Dunn,,,,Deutch,,,,Harris,Lawson (FL),,,Hensarling,Langevin,,,Demings,,,,Delaney,
,DeFazio,,,,DelBene,,,,Guthrie,Loebsack,,,Hudson,Larsen (WA),,,DeFazio,,,,DeFazio,,,,Kilmer,Herrera Beutler,,,Holding,Kildee,,,Hudson,Kilmer,,,Emmer,,,,Diaz-Balart,,,,Hartzler,Lee,,,Herrera Beutler,Larsen (WA),,,Denham,,,,DelBene,
,DeGette,,,,Denham,,,,Hanna,Lofgren,,,Huizenga (MI),Lawrence,,,DeGette,,,,DeGette,,,,Kind,"Hice, Jody B.",,,Hollingsworth,Kilmer,,,Huizenga,Kind,,,Engel,,,,Dingell,,,,Hensarling,Levin,,,"Hice, Jody B.",Larson (CT),,,DeSantis,,,,Demings,
,Delaney,,,,Dent,,,,Hardy,Lowenthal,,,Hultgren,Lee,,,Delaney,,,,DeLauro,,,,Krishnamoorthi,Higgins (LA),,,Hudson,Kind,,,Hultgren,Krishnamoorthi,,,Eshoo,,,,"Doyle, Michael F.",,,,Herrera Beutler,"Lieu, Ted",,,Higgins (LA),Lawrence,,,DeSaulnier,,,,Denham,
,DeLauro,,,,DeSantis,,,,Harper,Lowey,,,Hunter,Levin,,,DeLauro,,,,DelBene,,,,Kuster (NH),Hill,,,Huizenga,Krishnamoorthi,,,Hunter,Kuster (NH),,,Espaillat,,,,Duffy,,,,"Hice, Jody B.",Lipinski,,,Hill,Lawson (FL),,,DesJarlais,,,,DeSaulnier,
,DelBene,,,,DeSaulnier,,,,Harris,Lujan Grisham (NM),,,Hurd (TX),Lewis,,,DelBene,,,,Demings,,,,Lamb,Holding,,,Hultgren,Kuster (NH),,,Hurd,Lamb,,,Estes (KS),,,,Duncan (SC),,,,Higgins (LA),Loebsack,,,Holding,Lee,,,Deutch,,,,Diaz-Balart,
,Denham,,,,DesJarlais,,,,Hartzler,"Luján, Ben Ray (NM)",,,Hurt (VA),"Lieu, Ted",,,Denham,,,,Denham,,,,Langevin,Hollingsworth,,,Hunter,Langevin,,,Issa,Langevin,,,Esty (CT),,,,Duncan (TN),,,,Hill,Lofgren,,,Hollingsworth,Levin,,,Diaz-Balart,,,,Dingell,
,Dent,,,,Deutch,,,,Heck (NV),"Maloney, Carolyn",,,Issa,Lipinski,,,Dent,,,,DeSantis,,,,Larsen (WA),Hudson,,,Hurd,Larsen (WA),,,Jenkins (KS),Larsen (WA),,,Evans,,,,Dunn,,,,Holding,Lowenthal,,,Hudson,Lewis (GA),,,Dingell,,,,Doggett,
,DeSantis,,,,Diaz-Balart,,,,Hensarling,"Maloney, Sean",,,Jenkins (KS),Loebsack,,,DeSantis,,,,DeSaulnier,,,,Larson (CT),Huizenga,,,Issa,Larson (CT),,,Jenkins (WV),Larson (CT),,,Faso,,,,Emmer,,,,Hollingsworth,Lowey,,,Huizenga,"Lieu, Ted",,,Doggett,,,,Donovan,
,DeSaulnier,,,,Dingell,,,,"Hice, Jody B.",Matsui,,,Johnson (OH),Lofgren,,,DeSaulnier,,,,DesJarlais,,,,Lawrence,Hultgren,,,Jenkins (KS),Lawrence,,,Johnson (LA),Lawrence,,,Ferguson,,,,Engel,,,,Hudson,"Lujan Grisham, M.",,,Hultgren,Lipinski,,,Donovan,,,,Duffy,
,DesJarlais,,,,Doggett,,,,Higgins,McCollum,,,"Johnson, Sam",Lowenthal,,,DesJarlais,,,,Deutch,,,,Lawson (FL),Hunter,,,Jenkins (WV),Lawson (FL),,,Johnson (OH),Lawson (FL),,,Fitzpatrick,,,,Eshoo,,,,Huizenga,"Luján, Ben Ray",,,Hunter,Loebsack,,,"Doyle, Michael F.",,,,Duncan (SC),
,Deutch,,,,Dold,,,,Hill,McDermott,,,Jolly,Lowey,,,Deutch,,,,Diaz-Balart,,,,Lee,Hurd,,,Johnson (LA),Lee,,,"Johnson, Sam",Lee,,,Fleischmann,,,,Espaillat,,,,Hultgren,Lynch,,,Hurd,Lofgren,,,Duffy,,,,Duncan (TN),
,Diaz-Balart,,,,Donovan,,,,Himes,McGovern,,,Jones,Lujan Grisham (NM),,,Diaz-Balart,,,,Dingell,,,,Levin,Issa,,,Johnson (OH),Levin,,,Jones,Levin,,,Flores,,,,Estes (KS),,,,Hunter,"Maloney, Carolyn B.",,,Issa,Lowenthal,,,Duncan (SC),,,,Dunn,
,Dingell,,,,"Doyle, Michael F.",,,,Holding,McNerney,,,Jordan,Lynch,,,Dingell,,,,Doggett,,,,Lewis (GA),Jenkins (KS),,,"Johnson, Sam",Lewis (GA),,,Joyce (OH),Lewis (GA),,,Fortenberry,,,,Esty (CT),,,,Hurd,"Maloney, Sean",,,Jenkins (KS),Lowey,,,Dunn,,,,Ellison,
,Doggett,,,,Duckworth,,,,Hudson,Meeks,,,Katko,"Maloney, Carolyn",,,Doggett,,,,Donovan,,,,"Lieu, Ted",Jenkins (WV),,,Joyce (OH),"Lieu, Ted",,,Katko,"Lieu, Ted",,,Foxx,,,,Evans,,,,Issa,Matsui,,,Jenkins (WV),"Lujan Grisham, M.",,,Emmer,,,,Emmer,
,Dold,,,,Duffy,,,,Huelskamp,Meng,,,Kelly (MS),"Maloney, Sean",,,Dold,,,,"Doyle, Michael F.",,,,Lipinski,Johnson (LA),,,Katko,Lipinski,,,Kelly (MS),Lipinski,,,Frelinghuysen,,,,Faso,,,,Jenkins (KS),McCollum,,,Johnson (LA),"Luján, Ben Ray",,,Engel,,,,Engel,
,Donovan,,,,Duncan (SC),,,,Huizenga (MI),Moore,,,King (IA),Matsui,,,Donovan,,,,Duffy,,,,Loebsack,Johnson (OH),,,Kelly (MS),Loebsack,,,Kelly (PA),Loebsack,,,Gabbard,,,,Ferguson,,,,Jenkins (WV),McEachin,,,Johnson (OH),Lynch,,,Eshoo,,,,Eshoo,
,"Doyle, Michael F.",,,,Duncan (TN),,,,Hultgren,Nadler,,,King (NY),McCollum,,,"Doyle, Michael F.",,,,Duncan (SC),,,,Lofgren,"Johnson, Sam",,,Kelly (PA),Lofgren,,,King (IA),Lofgren,,,Gallagher,,,,Fitzpatrick,,,,Johnson (LA),McGovern,,,"Johnson, Sam","Maloney, Carolyn B.",,,Espaillat,,,,Espaillat,
,Duckworth,,,,Edwards,,,,Hunter,Napolitano,,,Kinzinger (IL),McDermott,,,Duffy,,,,Duncan (TN),,,,Lowenthal,Jones,,,King (IA),Lowenthal,,,King (NY),Lowenthal,,,Gallego,,,,Fleischmann,,,,Johnson (OH),McNerney,,,Jones,"Maloney, Sean",,,Esty (CT),,,,Estes (KS),
,Duffy,,,,Ellison,,,,Hurd (TX),Neal,,,Kline,McGovern,,,Duncan (SC),,,,Dunn,,,,Lowey,Jordan,,,King (NY),Lowey,,,Knight,Lowey,,,Garamendi,,,,Flores,,,,"Johnson, Sam",Meeks,,,Jordan,Matsui,,,Evans,,,,Esty (CT),
,Duncan (SC),,,,Ellmers (NC),,,,Hurt (VA),Nolan,,,Knight,McNerney,,,Duncan (TN),,,,Emmer,,,,"Lujan Grisham, M.",Joyce (OH),,,Knight,"Lujan Grisham, M.",,,Kustoff (TN),"Lujan Grisham, M.",,,Gianforte,,,,Fortenberry,,,,Jones,Meng,,,Joyce (OH),McCollum,,,Faso,,,,Evans,
,Duncan (TN),,,,Emmer (MN),,,,Issa,Norcross,,,Labrador,Meeks,,,Edwards,,,,Engel,,,,"Luján, Ben Ray",Katko,,,Kustoff (TN),"Luján, Ben Ray",,,Labrador,"Luján, Ben Ray",,,Gomez,,,,Foster,,,,Jordan,Moore,,,Katko,McEachin,,,Ferguson,,,,Faso,
,Edwards,,,,Engel,,,,Jenkins (KS),O'Rourke,,,LaHood,Meng,,,Ellison,,,,Eshoo,,,,Lynch,Kelly (MS),,,Labrador,Lynch,,,LaHood,Lynch,,,Goodlatte,,,,Foxx,,,,Joyce (OH),Moulton,,,Kelly (MS),McGovern,,,Fitzpatrick,,,,Fitzpatrick,
,Ellison,,,,Eshoo,,,,Jenkins (WV),Pallone,,,Lamborn,Moore,,,Ellmers (NC),,,,Espaillat,,,,"Maloney, Carolyn B.",Kelly (PA),,,LaHood,"Maloney, Carolyn B.",,,LaMalfa,"Maloney, Carolyn B.",,,Gosar,,,,Frankel (FL),,,,Katko,Murphy (FL),,,Kelly (PA),McNerney,,,Fleischmann,,,,Fleischmann,
,Ellmers (NC),,,,Esty,,,,Johnson (OH),Payne,,,Lance,Moulton,,,Emmer (MN),,,,Estes (KS),,,,"Maloney, Sean",King (IA),,,LaMalfa,"Maloney, Sean",,,Lamborn,"Maloney, Sean",,,Gottheimer,,,,Frelinghuysen,,,,Kelly (MS),Nadler,,,King (IA),Meeks,,,Flores,,,,Flores,
,Emmer (MN),,,,Farenthold,,,,"Johnson, Sam",Pelosi,,,LoBiondo,Murphy (FL),,,Engel,,,,Esty (CT),,,,Matsui,King (NY),,,Lamb,Massie,,,Lance,Matsui,,,Gowdy,,,,Gabbard,,,,Kelly (PA),Napolitano,,,King (NY),Meng,,,Fortenberry,,,,Fortenberry,
,Engel,,,,Farr,,,,Jolly,Perlmutter,,,Long,Nadler,,,Eshoo,,,,Evans,,,,McCollum,Kinzinger,,,Lamborn,Matsui,,,Latta,McCollum,,,Granger,,,,Gaetz,,,,King (IA),Neal,,,Kinzinger,Moore,,,Foster,,,,Foster,
,Eshoo,,,,Fitzpatrick,,,,Jones,Peters,,,Loudermilk,Napolitano,,,Esty,,,,Faso,,,,McEachin,Knight,,,Lance,McCollum,,,Lesko,McEachin,,,Graves (GA),,,,Gallagher,,,,King (NY),Nolan,,,Knight,Moulton,,,Foxx,,,,Foxx,
,Esty,,,,Fleischmann,,,,Jordan,Peterson,,,Love,Neal,,,Farenthold,,,,Ferguson,,,,McGovern,Kustoff (TN),,,Latta,McEachin,,,Lewis (MN),McGovern,,,Graves (LA),,,,Gallego,,,,Kinzinger,Norcross,,,Kustoff (TN),Murphy (FL),,,Frankel (FL),,,,Frankel (FL),
,Farenthold,,,,Fleming,,,,Kaptur,Pingree,,,Lucas,Nolan,,,Farr,,,,Fitzpatrick,,,,McNerney,Labrador,,,Lesko,McGovern,,,LoBiondo,McNerney,,,Griffith,,,,Garamendi,,,,Knight,O'Halleran,,,Labrador,Nadler,,,Frelinghuysen,,,,Frelinghuysen,
,Farr,,,,Flores,,,,Katko,Pocan,,,Luetkemeyer,Norcross,,,Fitzpatrick,,,,Fleischmann,,,,Meeks,LaHood,,,Lewis (MN),McNerney,,,Long,Meeks,,,Grijalva,,,,Garrett,,,,Kustoff (TN),O'Rourke,,,LaHood,Napolitano,,,Fudge,,,,Fudge,
,Fitzpatrick,,,,Forbes,,,,Keating,Polis,,,Lummis,O'Rourke,,,Fleischmann,,,,Flores,,,,Moore,LaMalfa,,,LoBiondo,Meeks,,,Loudermilk,Meng,,,Grothman,,,,Gianforte,,,,Labrador,Pallone,,,LaMalfa,Neal,,,Gabbard,,,,Gaetz,
,Fleischmann,,,,Fortenberry,,,,Kelly (MS),Price (NC),,,MacArthur,Pallone,,,Fleming,,,,Fortenberry,,,,Moulton,Lamborn,,,Long,Meng,,,Love,Moore,,,Guthrie,,,,Gibbs,,,,LaHood,Panetta,,,Lamborn,Nolan,,,Gallagher,,,,Gallagher,
,Fleming,,,,Foster,,,,Kelly (PA),Quigley,,,Marchant,Pascrell,,,Flores,,,,Foster,,,,Murphy (FL),Lance,,,Loudermilk,Moore,,,Lucas,Moulton,,,Hanabusa,,,,Gohmert,,,,LaMalfa,Pascrell,,,Lance,Norcross,,,Gallego,,,,Gallego,
,Flores,,,,Foxx,,,,King (IA),Rangel,,,Marino,Payne,,,Forbes,,,,Foxx,,,,Nadler,Latta,,,Love,Moulton,,,Luetkemeyer,Murphy (FL),,,Handel,,,,Gomez,,,,Lamb,Payne,,,Latta,O'Halleran,,,Garamendi,,,,Garamendi,
,Forbes,,,,Frankel (FL),,,,King (NY),Rice (NY),,,Massie,Pelosi,,,Fortenberry,,,,Frankel (FL),,,,Napolitano,Lesko,,,Lucas,Nadler,,,MacArthur,Nadler,,,Harper,,,,Goodlatte,,,,Lamborn,Pelosi,,,Lesko,O'Rourke,,,Gianforte,,,,Garrett,
,Fortenberry,,,,Frelinghuysen,,,,Kinzinger (IL),Richmond,,,McCarthy,Perlmutter,,,Foster,,,,Frelinghuysen,,,,Neal,Lewis (MN),,,Luetkemeyer,Napolitano,,,Marchant,Napolitano,,,Harris,,,,Gosar,,,,Lance,Perlmutter,,,Lewis (MN),Pallone,,,Gibbs,,,,Gianforte,
,Foster,,,,Fudge,,,,Kline,Roybal-Allard,,,McCaul,Peters,,,Foxx,,,,Fudge,,,,Nolan,LoBiondo,,,MacArthur,Neal,,,Marino,Neal,,,Hartzler,,,,Gottheimer,,,,Latta,Peters,,,LoBiondo,Panetta,,,Gomez,,,,Gibbs,
,Foxx,,,,Gabbard,,,,Knight,Ruiz,,,McClintock,Peterson,,,Franks (AZ),,,,Gabbard,,,,Norcross,Long,,,Marchant,Nolan,,,Marshall,Nolan,,,Hastings,,,,Gowdy,,,,Lesko,Peterson,,,Long,Pascrell,,,Gonzalez (TX),,,,Gohmert,
,Frankel (FL),,,,Gallego,,,,Labrador,Rush,,,McHenry,Pingree,,,Frelinghuysen,,,,Gallagher,,,,O'Halleran,Loudermilk,,,Marino,Norcross,,,Massie,Norcross,,,Heck,,,,Granger,,,,Lewis (MN),Pingree,,,Loudermilk,Payne,,,Goodlatte,,,,Gomez,
,Franks (AZ),,,,Garamendi,,,,LaHood,Ryan (OH),,,McKinley,Pocan,,,Fudge,,,,Gallego,,,,O'Rourke,Love,,,Marshall,O'Halleran,,,Mast,O'Halleran,,,"Hice, Jody B.",,,,Graves (GA),,,,LoBiondo,Pocan,,,Love,Pelosi,,,Gottheimer,,,,Gonzalez (TX),
,Frelinghuysen,,,,Garrett,,,,LaMalfa,"Sánchez, Linda T.",,,McMorris Rodgers,Polis,,,Gabbard,,,,Garamendi,,,,Pallone,Lucas,,,Mast,O'Rourke,,,McCarthy,O'Rourke,,,Higgins (LA),,,,Graves (LA),,,,Long,Polis,,,Lucas,Perlmutter,,,Granger,,,,Goodlatte,
,Fudge,,,,Gibbs,,,,Lamborn,"Sanchez, Loretta",,,McSally,Price (NC),,,Gallego,,,,Gianforte,,,,Panetta,Luetkemeyer,,,McCarthy,Pallone,,,McCaul,Pallone,,,Higgins (NY),,,,Graves (MO),,,,Loudermilk,Price (NC),,,Luetkemeyer,Peters,,,Graves (GA),,,,Gosar,
,Gabbard,,,,Gibson,,,,Lance,Sarbanes,,,Meadows,Quigley,,,Garamendi,,,,Gibbs,,,,Pascrell,MacArthur,,,McCaul,Panetta,,,McClintock,Panetta,,,Hill,,,,Grothman,,,,Love,Quigley,,,MacArthur,Peterson,,,Graves (LA),,,,Gottheimer,
,Gallego,,,,Gohmert,,,,LoBiondo,Schakowsky,,,Messer,Rangel,,,Garrett,,,,Gomez,,,,Pelosi,Marino,,,McClintock,Payne,,,McHenry,Pascrell,,,Himes,,,,Guthrie,,,,Lucas,Raskin,,,Marchant,Pingree,,,Graves (MO),,,,Granger,
,Garrett,,,,Gosar,,,,Long,Schrader,,,Mica,Rice (NY),,,Gibbs,,,,Goodlatte,,,,Perlmutter,Marshall,,,McHenry,Perlmutter,,,McKinley,Payne,,,Holding,,,,Gutiérrez,,,,Luetkemeyer,Rice (NY),,,Marino,Pocan,,,"Green, Gene",,,,Graves (GA),
,Gibbs,,,,Gowdy,,,,Loudermilk,Scott (VA),,,Miller (FL),Richmond,,,Gibson,,,,Gottheimer,,,,Peters,Massie,,,McKinley,Peters,,,McMorris Rodgers,Perlmutter,,,Hollingsworth,,,,Handel,,,,MacArthur,Richmond,,,Marshall,Polis,,,Griffith,,,,Graves (LA),
,Gibson,,,,Graham,,,,Love,"Scott, David",,,Miller (MI),Roybal-Allard,,,Gohmert,,,,Gowdy,,,,Peterson,Mast,,,McMorris Rodgers,Peterson,,,McSally,Peters,,,Hoyer,,,,Harper,,,,Marchant,Rosen,,,Massie,Price (NC),,,Grijalva,,,,Graves (MO),
,Goodlatte,,,,Granger,,,,Lucas,Serrano,,,Moolenaar,Ruiz,,,Goodlatte,,,,Granger,,,,Pingree,McCarthy,,,McSally,Pingree,,,Meadows,Peterson,,,Hudson,,,,Harris,,,,Marino,Roybal-Allard,,,Mast,Quigley,,,Grothman,,,,"Green, Al",
,Gosar,,,,Graves (GA),,,,Luetkemeyer,Sewell (AL),,,Mooney (WV),Ruppersberger,,,Gosar,,,,Graves (GA),,,,Pocan,McCaul,,,Meadows,Pocan,,,Messer,Pingree,,,Huffman,,,,Hartzler,,,,Marshall,Ruiz,,,McCarthy,Raskin,,,Guthrie,,,,"Green, Gene",
,Gowdy,,,,Graves (LA),,,,Lummis,Sherman,,,Mullin,Rush,,,Gowdy,,,,Graves (LA),,,,Polis,McClintock,,,Messer,Price (NC),,,Mitchell,Pocan,,,Huizenga,,,,Heck,,,,Massie,Ruppersberger,,,McCaul,Rice (NY),,,Gutiérrez,,,,Griffith,
,Graham,,,,Graves (MO),,,,Lynch,Sires,,,Mulvaney,Ryan (OH),,,Graham,,,,Graves (MO),,,,Price (NC),McHenry,,,Mitchell,Quigley,,,Moolenaar,Price (NC),,,Hultgren,,,,Hensarling,,,,Mast,Rush,,,McClintock,Richmond,,,Hanabusa,,,,Grijalva,
,Granger,,,,Grayson,,,,MacArthur,Slaughter,,,Murphy (PA),"Sánchez, Linda T.",,,Granger,,,,"Green, Al",,,,Quigley,McKinley,,,Moolenaar,Raskin,,,Mooney (WV),Quigley,,,Hunter,,,,Herrera Beutler,,,,McCarthy,Ryan (OH),,,McHenry,Rosen,,,Handel,,,,Grothman,
,Graves (GA),,,,"Green, Al",,,,Marchant,Smith (WA),,,Neugebauer,"Sanchez, Loretta",,,Graves (GA),,,,"Green, Gene",,,,Raskin,McMorris Rodgers,,,Mooney (WV),Rice (NY),,,Mullin,Raskin,,,Hurd,,,,"Hice, Jody B.",,,,McCaul,Sánchez,,,McKinley,Roybal-Allard,,,Harris,,,,Guthrie,
,Graves (LA),,,,"Green, Gene",,,,Marino,Speier,,,Newhouse,Sarbanes,,,Graves (LA),,,,Griffith,,,,Rice (NY),McSally,,,Mullin,Richmond,,,Newhouse,Rice (NY),,,Jackson Lee,,,,Higgins (LA),,,,McClintock,Sarbanes,,,McMorris Rodgers,Ruiz,,,Hartzler,,,,Hanabusa,
,Graves (MO),,,,Griffith,,,,Massie,Swalwell (CA),,,Noem,Schakowsky,,,Graves (MO),,,,Grijalva,,,,Richmond,Meadows,,,Murphy (FL),Rosen,,,Noem,Richmond,,,Jayapal,,,,Hill,,,,McHenry,Schiff,,,McSally,Ruppersberger,,,Hastings,,,,Handel,
,Grayson,,,,Grijalva,,,,McCarthy,Takano,,,Nugent,Schiff,,,Grayson,,,,Grothman,,,,Rosen,Messer,,,Newhouse,Roybal-Allard,,,Norman,Rosen,,,Jeffries,,,,Holding,,,,McKinley,Schrader,,,Meadows,Rush,,,Heck,,,,Harper,
,"Green, Al",,,,Grothman,,,,McCaul,Thompson (CA),,,Nunes,Schrader,,,"Green, Al",,,,Guthrie,,,,Roybal-Allard,Mitchell,,,Noem,Ruiz,,,Nunes,Roybal-Allard,,,Jenkins (KS),,,,Hollingsworth,,,,McMorris Rodgers,Scott (VA),,,Messer,Ryan (OH),,,Hensarling,,,,Harris,
,"Green, Gene",,,,Guinta,,,,McClintock,Thompson (MS),,,Olson,Scott (VA),,,"Green, Gene",,,,Gutiérrez,,,,Ruiz,Moolenaar,,,Norman,Ruppersberger,,,Olson,Ruiz,,,Jenkins (WV),,,,Hoyer,,,,McSally,"Scott, David",,,Mitchell,Sánchez,,,Herrera Beutler,,,,Hastings,
,Griffith,,,,Guthrie,,,,McHenry,Titus,,,Palazzo,"Scott, David",,,Griffith,,,,Handel,,,,Ruppersberger,Mooney (WV),,,Nunes,Ryan (OH),,,Palazzo,Ruppersberger,,,Johnson (GA),,,,Hudson,,,,Meadows,Serrano,,,Moolenaar,Sarbanes,,,Higgins (LA),,,,Heck,
,Grijalva,,,,Gutiérrez,,,,McKinley,Tonko,,,Palmer,Serrano,,,Grothman,,,,Harper,,,,Rush,Mullin,,,Olson,Sánchez,,,Palmer,Rush,,,Johnson (LA),,,,Huizenga,,,,Messer,Sewell (AL),,,Mooney (WV),Schakowsky,,,Higgins (NY),,,,Hensarling,
,Grothman,,,,Hahn,,,,McMorris Rodgers,Torres,,,Paulsen,Sewell (AL),,,Guinta,,,,Harris,,,,Ryan (OH),Newhouse,,,Palazzo,Sarbanes,,,Paulsen,Ryan (OH),,,Johnson (OH),,,,Hultgren,,,,Mitchell,Shea-Porter,,,Mullin,Schiff,,,Hill,,,,Herrera Beutler,
,Guinta,,,,Hanna,,,,McSally,Tsongas,,,Pearce,Sherman,,,Guthrie,,,,Hartzler,,,,Sánchez,Norman,,,Palmer,Schakowsky,,,Pearce,Sánchez,,,"Johnson, E. B.",,,,Hunter,,,,Moolenaar,Sherman,,,Newhouse,Schneider,,,Himes,,,,"Hice, Jody B.",
,Guthrie,,,,Hardy,,,,Meadows,Van Hollen,,,Perry,Sinema,,,Hahn,,,,Hastings,,,,Sarbanes,Nunes,,,Paulsen,Schiff,,,Perry,Sarbanes,,,"Johnson, Sam",,,,Hurd,,,,Mooney (WV),Sires,,,Noem,Schrader,,,Holding,,,,Higgins (NY),
,Gutiérrez,,,,Harper,,,,Meehan,Vargas,,,Pittenger,Sires,,,Hanna,,,,Heck,,,,Schakowsky,Olson,,,Pearce,Schrader,,,Pittenger,Schakowsky,,,Jones,,,,Issa,,,,Mullin,Smith (WA),,,Norman,Scott (VA),,,Hollingsworth,,,,Hill,
,Hahn,,,,Harris,,,,Messer,Veasey,,,Pitts,Speier,,,Hardy,,,,Hensarling,,,,Schiff,Palazzo,,,Perry,Scott (VA),,,Poe (TX),Schiff,,,Jordan,,,,Jenkins (KS),,,,Newhouse,Soto,,,Nunes,"Scott, David",,,Hudson,,,,Himes,
,Hanna,,,,Hartzler,,,,Mica,Vela,,,Poe (TX),Swalwell (CA),,,Harper,,,,Herrera Beutler,,,,Schneider,Palmer,,,Pittenger,"Scott, David",,,Poliquin,Schneider,,,Kaptur,,,,Jenkins (WV),,,,Noem,Speier,,,Olson,Serrano,,,Huffman,,,,Holding,
,Hardy,,,,Heck (NV),,,,Miller (FL),Velázquez,,,Poliquin,Takano,,,Harris,,,,"Hice, Jody B.",,,,Schrader,Paulsen,,,Poe (TX),Serrano,,,Posey,Schrader,,,Kelly (MS),,,,Johnson (LA),,,,Norman,Suozzi,,,Palazzo,Sewell (AL),,,Huizenga,,,,Hollingsworth,
,Harper,,,,Heck (WA),,,,Miller (MI),Visclosky,,,Pompeo,Thompson (CA),,,Hartzler,,,,Higgins (LA),,,,Scott (VA),Pearce,,,Poliquin,Sewell (AL),,,Ratcliffe,Scott (VA),,,Kelly (PA),,,,Johnson (OH),,,,Nunes,Swalwell (CA),,,Palmer,Shea-Porter,,,Hultgren,,,,Hoyer,
,Harris,,,,Hensarling,,,,Moolenaar,Wasserman Schultz,,,Posey,Thompson (MS),,,Heck (NV),,,,Higgins (NY),,,,"Scott, David",Perry,,,Posey,Shea-Porter,,,Reed,"Scott, David",,,Kennedy,,,,"Johnson, E. B.",,,,Olson,Takano,,,Paulsen,Sherman,,,Hunter,,,,Hudson,
,Hartzler,,,,"Hice, Jody B.",,,,Mooney (WV),"Waters, Maxine",,,Ratcliffe,Titus,,,Heck (WA),,,,Hill,,,,Serrano,Pittenger,,,Ratcliffe,Sherman,,,Reichert,Serrano,,,Khanna,,,,"Johnson, Sam",,,,Palazzo,Thompson (CA),,,Pearce,Sinema,,,Hurd,,,,Huffman,
,Heck (NV),,,,Higgins,,,,Moulton,Watson Coleman,,,Reed,Tonko,,,Hensarling,,,,Himes,,,,Sewell (AL),Poe (TX),,,Reed,Sires,,,Renacci,Sewell (AL),,,Kihuen,,,,Jordan,,,,Palmer,Thompson (MS),,,Perry,Sires,,,Issa,,,,Huizenga,
,Heck (WA),,,,Hill,,,,Mullin,Welch,,,Ribble,Torres,,,"Hice, Jody B.",,,,Holding,,,,Shea-Porter,Poliquin,,,Reichert,Smith (WA),,,Rice (SC),Shea-Porter,,,Kildee,,,,Joyce (OH),,,,Paulsen,Titus,,,Pittenger,Smith (WA),,,Jackson Lee,,,,Hultgren,
,Hensarling,,,,Himes,,,,Mulvaney,Wilson (FL),,,Roby,Tsongas,,,Higgins,,,,Hollingsworth,,,,Sherman,Posey,,,Renacci,Soto,,,Roby,Sherman,,,Kilmer,,,,Kaptur,,,,Pearce,Tonko,,,Poe (TX),Soto,,,Jayapal,,,,Hunter,
,"Hice, Jody B.",,,,Hinojosa,,,,Murphy (FL),Yarmuth,,,Roe (TN),Van Hollen,,,Hill,,,,Hoyer,,,,Sinema,Ratcliffe,,,Rice (SC),Speier,,,Roe (TN),Sinema,,,Kind,,,,Katko,,,,Perry,Torres,,,Poliquin,Speier,,,Jeffries,,,,Hurd,
,Higgins,,,,Holding,,,,Murphy (PA),,,,Rogers (KY),Veasey,,,Himes,,,,Hudson,,,,Sires,Reichert,,,Roby,Swalwell (CA),,,Rogers (AL),Sires,,,King (IA),,,,Keating,,,,Pittenger,Tsongas,,,Posey,Suozzi,,,Jenkins (KS),,,,Jackson Lee,
,Hill,,,,Honda,,,,Neugebauer,,,,Rohrabacher,Vela,,,Hinojosa,,,,Huffman,,,,Smith (WA),Renacci,,,Roe (TN),Takano,,,Rogers (KY),Smith (WA),,,King (NY),,,,Kelly (MS),,,,Poe (TX),Vargas,,,Ratcliffe,Swalwell (CA),,,Johnson (GA),,,,Jayapal,
,Himes,,,,Hoyer,,,,Newhouse,,,,Rooney (FL),Velázquez,,,Holding,,,,Huizenga,,,,Soto,Rice (SC),,,Rogers (AL),Thompson (CA),,,Rohrabacher,Soto,,,Kinzinger,,,,Kelly (PA),,,,Posey,Veasey,,,Reed,Takano,,,Johnson (LA),,,,Jeffries,
,Hinojosa,,,,Hudson,,,,Noem,,,,Ros-Lehtinen,Visclosky,,,Honda,,,,Hultgren,,,,Speier,Roby,,,Rogers (KY),Titus,,,Rokita,Speier,,,Knight,,,,Kennedy,,,,Ratcliffe,Vela,,,Reichert,Thompson (CA),,,Johnson (OH),,,,Jenkins (KS),
,Holding,,,,Huelskamp,,,,Nugent,,,,Ross,Walz,,,Hoyer,,,,Hunter,,,,Suozzi,Roe (TN),,,Rohrabacher,Tonko,,,"Rooney, Francis",Suozzi,,,Krishnamoorthi,,,,Kihuen,,,,Reed,Velázquez,,,Renacci,Thompson (MS),,,"Johnson, E. B.",,,,Jenkins (WV),
,Honda,,,,Huffman,,,,Nunes,,,,Rothfus,Wasserman Schultz,,,Hudson,,,,Hurd,,,,Swalwell (CA),Rogers (AL),,,Rokita,Torres,,,"Rooney, Thomas J.",Swalwell (CA),,,Kuster (NH),,,,Kildee,,,,Reichert,Visclosky,,,Rice (SC),Titus,,,"Johnson, Sam",,,,Johnson (GA),
,Hoyer,,,,Huizenga (MI),,,,Olson,,,,Rouzer,"Waters, Maxine",,,Huelskamp,,,,Issa,,,,Takano,Rogers (KY),,,"Rooney, Francis",Tsongas,,,Ros-Lehtinen,Takano,,,Kustoff (TN),,,,Kilmer,,,,Renacci,Wasserman Schultz,,,Roby,Tonko,,,Jordan,,,,Johnson (LA),
,Hudson,,,,Hultgren,,,,Palazzo,,,,Royce,Watson Coleman,,,Huffman,,,,Jackson Lee,,,,Thompson (CA),Rohrabacher,,,"Rooney, Thomas J.",Vargas,,,Roskam,Thompson (CA),,,LaMalfa,,,,Kind,,,,Rice (SC),"Waters, Maxine",,,Roe (TN),Torres,,,Joyce (OH),,,,Johnson (OH),
,Huelskamp,,,,Hunter,,,,Palmer,,,,Salmon,Wilson (FL),,,Huizenga (MI),,,,Jayapal,,,,Thompson (MS),"Rooney, Francis",,,Ros-Lehtinen,Veasey,,,Ross,Titus,,,Lamb,,,,King (IA),,,,Roby,Watson Coleman,,,Rogers (AL),Tsongas,,,Kaptur,,,,"Johnson, E. B.",
,Huffman,,,,Hurd (TX),,,,Pascrell,,,,Sanford,Yarmuth,,,Hultgren,,,,Jeffries,,,,Tonko,Ros-Lehtinen,,,Roskam,Velázquez,,,Rothfus,Tonko,,,Lamborn,,,,King (NY),,,,Roe (TN),Welch,,,Rogers (KY),Vargas,,,Katko,,,,"Johnson, Sam",
,Huizenga (MI),,,,Hurt (VA),,,,Paulsen,,,,Scalise,,,,Hunter,,,,Jenkins (KS),,,,Torres,Roskam,,,Ross,Visclosky,,,Rouzer,Torres,,,Lance,,,,Kinzinger,,,,Rogers (AL),Wilson (FL),,,Rohrabacher,Veasey,,,Keating,,,,Jones,
,Hultgren,,,,Israel,,,,Pearce,,,,Schweikert,,,,Hurd (TX),,,,Jenkins (WV),,,,Tsongas,Ross,,,Rothfus,Wasserman Schultz,,,Royce (CA),Tsongas,,,Langevin,,,,Knight,,,,Rogers (KY),Yarmuth,,,Rokita,Vela,,,Kelly (IL),,,,Jordan,
,Hunter,,,,Issa,,,,Perry,,,,"Scott, Austin",,,,Hurt (VA),,,,Johnson (GA),,,,Vargas,Rothfus,,,Rouzer,"Waters, Maxine",,,Russell,Vargas,,,Larsen (WA),,,,Krishnamoorthi,,,,Rokita,,,,"Rooney, Francis",Velázquez,,,Kelly (MS),,,,Joyce (OH),
,Hurd (TX),,,,Jackson Lee,,,,Pittenger,,,,Sensenbrenner,,,,Israel,,,,Johnson (LA),,,,Vela,Rouzer,,,Royce (CA),Watson Coleman,,,Rutherford,Veasey,,,Larson (CT),,,,Kuster (NH),,,,"Rooney, Francis",,,,"Rooney, Thomas J.",Visclosky,,,Kelly (PA),,,,Kaptur,
,Hurt (VA),,,,Jeffries,,,,Poe (TX),,,,Sessions,,,,Issa,,,,Johnson (OH),,,,Velázquez,Royce (CA),,,Russell,Welch,,,Sanford,Velázquez,,,Latta,,,,Kustoff (TN),,,,"Rooney, Thomas J.",,,,Ros-Lehtinen,Wasserman Schultz,,,Kennedy,,,,Katko,
,Israel,,,,Jenkins (KS),,,,Poliquin,,,,Shimkus,,,,Jackson Lee,,,,"Johnson, E. B.",,,,Visclosky,Russell,,,Rutherford,Wilson (FL),,,Scalise,Visclosky,,,Lawrence,,,,LaHood,,,,Ros-Lehtinen,,,,Roskam,"Waters, Maxine",,,Khanna,,,,Keating,
,Issa,,,,Jenkins (WV),,,,Pompeo,,,,Shuster,,,,Jeffries,,,,"Johnson, Sam",,,,Wasserman Schultz,Rutherford,,,Sanford,Yarmuth,,,Schweikert,Wasserman Schultz,,,Lawson (FL),,,,LaMalfa,,,,Roskam,,,,Ross,Watson Coleman,,,Kihuen,,,,Kelly (MS),
,Jackson Lee,,,,Johnson (GA),,,,Posey,,,,Simpson,,,,Jenkins (KS),,,,Jordan,,,,"Waters, Maxine",Sanford,,,Scalise,,,,"Scott, Austin","Waters, Maxine",,,Lee,,,,Lamb,,,,Ross,,,,Rothfus,Welch,,,Kildee,,,,Kelly (PA),
,Jeffries,,,,Johnson (OH),,,,"Price, Tom",,,,Smith (MO),,,,Jenkins (WV),,,,Joyce (OH),,,,Watson Coleman,Scalise,,,Schneider,,,,Sensenbrenner,Watson Coleman,,,Lesko,,,,Lamborn,,,,Rothfus,,,,Rouzer,Wilson (FL),,,Kilmer,,,,Kennedy,
,Jenkins (KS),,,,"Johnson, E. B.",,,,Ratcliffe,,,,Smith (NJ),,,,Johnson (GA),,,,Kaptur,,,,Welch,Schweikert,,,Schweikert,,,,Sessions,Welch,,,Levin,,,,Lance,,,,Rouzer,,,,Royce (CA),Yarmuth,,,Kind,,,,Khanna,
,Jenkins (WV),,,,"Johnson, Sam",,,,Reed,,,,Smith (TX),,,,Johnson (OH),,,,Katko,,,,Wilson (FL),"Scott, Austin",,,"Scott, Austin",,,,Shimkus,Wilson (FL),,,Lewis (GA),,,,Langevin,,,,Royce (CA),,,,Russell,,,,King (IA),,,,Kihuen,
,Johnson (GA),,,,Jolly,,,,Reichert,,,,Stefanik,,,,"Johnson, E. B.",,,,Keating,,,,Yarmuth,Sensenbrenner,,,Sensenbrenner,,,,Shuster,Yarmuth,,,Lewis (MN),,,,Larsen (WA),,,,Russell,,,,Rutherford,,,,Kinzinger,,,,Kildee,
,Johnson (OH),,,,Jones,,,,Renacci,,,,Stewart,,,,"Johnson, Sam",,,,Kelly (IL),,,,,Sessions,,,Sessions,,,,Simpson,,,,"Lieu, Ted",,,,Larson (CT),,,,Rutherford,,,,Sanford,,,,Knight,,,,Kilmer,
,"Johnson, E. B.",,,,Jordan,,,,Ribble,,,,Stivers,,,,Jolly,,,,Kelly (MS),,,,,Shimkus,,,Shimkus,,,,Smith (MO),,,,LoBiondo,,,,Latta,,,,Sanford,,,,Scalise,,,,Krishnamoorthi,,,,Kind,
,"Johnson, Sam",,,,Joyce,,,,Rice (SC),,,,Stutzman,,,,Jones,,,,Kelly (PA),,,,,Shuster,,,Shuster,,,,Smith (NE),,,,Lofgren,,,,Lawson (FL),,,,Scalise,,,,Schweikert,,,,Kuster (NH),,,,King (IA),
,Jolly,,,,Kaptur,,,,Rigell,,,,Thompson (PA),,,,Jordan,,,,Kennedy,,,,,Simpson,,,Simpson,,,,Smith (NJ),,,,Long,,,,Lesko,,,,Schneider,,,,"Scott, Austin",,,,Kustoff (TN),,,,King (NY),
,Jones,,,,Katko,,,,Roby,,,,Thornberry,,,,Joyce,,,,Khanna,,,,,Smith (MO),,,Smith (MO),,,,Smith (TX),,,,Love,,,,Levin,,,,Schweikert,,,,Sensenbrenner,,,,Labrador,,,,Knight,
,Jordan,,,,Keating,,,,Roe (TN),,,,Tipton,,,,Kaptur,,,,Kihuen,,,,,Smith (NE),,,Smith (NE),,,,Smucker,,,,Lowenthal,,,,Lewis (MN),,,,"Scott, Austin",,,,Sessions,,,,LaHood,,,,Krishnamoorthi,
,Joyce,,,,Kelly (IL),,,,Rogers (AL),,,,Trott,,,,Katko,,,,Kildee,,,,,Smith (NJ),,,Smith (NJ),,,,Stefanik,,,,Lowey,,,,"Lieu, Ted",,,,Sensenbrenner,,,,Shimkus,,,,LaMalfa,,,,Kuster (NH),
,Kaptur,,,,Kelly (MS),,,,Rogers (KY),,,,Turner,,,,Keating,,,,Kilmer,,,,,Smith (TX),,,Smith (TX),,,,Stewart,,,,Lucas,,,,Lipinski,,,,Sessions,,,,Simpson,,,,Lamb,,,,Kustoff (TN),
,Katko,,,,Kelly (PA),,,,Rohrabacher,,,,Upton,,,,Kelly (IL),,,,Kind,,,,,Smucker,,,Smucker,,,,Stivers,,,,Luetkemeyer,,,,LoBiondo,,,,Shimkus,,,,Smith (MO),,,,Lamborn,,,,Labrador,
,Keating,,,,Kennedy,,,,Rokita,,,,Valadao,,,,Kelly (MS),,,,King (IA),,,,,Stefanik,,,Stefanik,,,,Taylor,,,,"Lujan Grisham, M.",,,,Loebsack,,,,Simpson,,,,Smith (NE),,,,Lance,,,,LaHood,
,Kelly (IL),,,,Kildee,,,,Rooney (FL),,,,Wagner,,,,Kelly (PA),,,,King (NY),,,,,Stewart,,,Stewart,,,,Tenney,,,,"Luján, Ben Ray",,,,Lofgren,,,,Sinema,,,,Smith (NJ),,,,Langevin,,,,LaMalfa,
,Kelly (MS),,,,Kilmer,,,,Ros-Lehtinen,,,,Walden,,,,Kennedy,,,,Kinzinger,,,,,Stivers,,,Stivers,,,,Thompson (PA),,,,MacArthur,,,,Long,,,,Smith (MO),,,,Smith (TX),,,,Larsen (WA),,,,Lamb,
,Kelly (PA),,,,Kind,,,,Roskam,,,,Walker,,,,Kildee,,,,Knight,,,,,Taylor,,,Suozzi,,,,Tipton,,,,"Maloney, Carolyn B.",,,,Loudermilk,,,,Smith (NE),,,,Smucker,,,,Larson (CT),,,,Lamborn,
,Kennedy,,,,King (IA),,,,Ross,,,,Walorski,,,,Kilmer,,,,Krishnamoorthi,,,,,Tenney,,,Taylor,,,,Trott,,,,"Maloney, Sean",,,,Love,,,,Smith (NJ),,,,Stefanik,,,,Latta,,,,Lance,
,Kildee,,,,King (NY),,,,Rothfus,,,,"Walters, Mimi",,,,Kind,,,,Kuster (NH),,,,,Thompson (PA),,,Tenney,,,,Upton,,,,Marchant,,,,Lucas,,,,Smith (TX),,,,Stewart,,,,Lawrence,,,,Langevin,
,Kilmer,,,,Kinzinger (IL),,,,Rouzer,,,,Weber (TX),,,,King (IA),,,,Kustoff (TN),,,,,Thornberry,,,Thompson (PA),,,,Valadao,,,,Marino,,,,Luetkemeyer,,,,Smucker,,,,Stivers,,,,Lawson (FL),,,,Larson (CT),
,Kind,,,,Kirkpatrick,,,,Royce,,,,Wenstrup,,,,King (NY),,,,LaHood,,,,,Tipton,,,Tipton,,,,Wagner,,,,Marshall,,,,"Lujan Grisham, M.",,,,Stefanik,,,,Taylor,,,,Lee,,,,Latta,
,King (IA),,,,Kline,,,,Ruppersberger,,,,Westerman,,,,Kinzinger (IL),,,,LaMalfa,,,,,Trott,,,Trott,,,,Walberg,,,,Mast,,,,"Luján, Ben Ray",,,,Stewart,,,,Tenney,,,,Lesko,,,,Lawrence,
,King (NY),,,,Knight,,,,Russell,,,,Williams,,,,Kirkpatrick,,,,Lamb,,,,,Turner,,,Upton,,,,Walden,,,,Matsui,,,,Lynch,,,,Stivers,,,,Thompson (PA),,,,Levin,,,,Lawson (FL),
,Kinzinger (IL),,,,Kuster,,,,Salmon,,,,Wilson (SC),,,,Kline,,,,Lamborn,,,,,Upton,,,Valadao,,,,Walker,,,,McCaul,,,,MacArthur,,,,Taylor,,,,Thornberry,,,,Lewis (GA),,,,Lesko,
,Kirkpatrick,,,,LaHood,,,,Sanford,,,,Wittman,,,,Knight,,,,Lance,,,,,Valadao,,,Wagner,,,,Walorski,,,,McCollum,,,,"Maloney, Carolyn B.",,,,Tenney,,,,Tipton,,,,Lewis (MN),,,,Levin,
,Kline,,,,LaMalfa,,,,Scalise,,,,Womack,,,,Kuster,,,,Langevin,,,,,Wagner,,,Walberg,,,,"Walters, Mimi",,,,McEachin,,,,"Maloney, Sean",,,,Thompson (PA),,,,Trott,,,,"Lieu, Ted",,,,Lewis (MN),
,Knight,,,,Lamborn,,,,Schiff,,,,Woodall,,,,Labrador,,,,Larsen (WA),,,,,Walberg,,,Walden,,,,Weber (TX),,,,McGovern,,,,Marchant,,,,Thornberry,,,,Turner,,,,Lipinski,,,,"Lieu, Ted",
,Kuster,,,,Lance,,,,Schweikert,,,,Yoder,,,,LaHood,,,,Larson (CT),,,,,Walden,,,Walker,,,,Webster (FL),,,,McHenry,,,,Marino,,,,Tipton,,,,Upton,,,,LoBiondo,,,,Lipinski,
,Labrador,,,,Langevin,,,,"Scott, Austin",,,,Yoho,,,,LaMalfa,,,,Latta,,,,,Walker,,,Walorski,,,,Wenstrup,,,,McKinley,,,,Marshall,,,,Trott,,,,Valadao,,,,Loebsack,,,,LoBiondo,
,LaHood,,,,Larsen (WA),,,,Sensenbrenner,,,,Young (AK),,,,Lamborn,,,,Lawrence,,,,,Walorski,,,"Walters, Mimi",,,,Westerman,,,,McMorris Rodgers,,,,Massie,,,,Turner,,,,Wagner,,,,Lofgren,,,,Lofgren,
,LaMalfa,,,,Larson (CT),,,,Sessions,,,,Young (IA),,,,Lance,,,,Lawson (FL),,,,,"Walters, Mimi",,,Weber (TX),,,,Williams,,,,McNerney,,,,Mast,,,,Upton,,,,Walberg,,,,Long,,,,Long,
,Lamborn,,,,Lawrence,,,,Shimkus,,,,Young (IN),,,,Langevin,,,,Lee,,,,,Weber (TX),,,Webster (FL),,,,Wilson (SC),,,,Meadows,,,,Matsui,,,,Valadao,,,,Walden,,,,Loudermilk,,,,Loudermilk,
,Lance,,,,Lee,,,,Shuster,,,,Zeldin,,,,Larsen (WA),,,,Lesko,,,,,Webster (FL),,,Wenstrup,,,,Wittman,,,,Meng,,,,McCarthy,,,,Wagner,,,,Walker,,,,Love,,,,Love,
,Langevin,,,,Levin,,,,Simpson,,,,Zinke,,,,Larson (CT),,,,Levin,,,,,Wenstrup,,,Westerman,,,,Womack,,,,Messer,,,,McCaul,,,,Walberg,,,,Walorski,,,,Lowenthal,,,,Lowenthal,
,Larsen (WA),,,,Lewis,,,,Sinema,,,,,,,,Lawrence,,,,Lewis (GA),,,,,Westerman,,,Williams,,,,Woodall,,,,Mitchell,,,,McClintock,,,,Walden,,,,"Walters, Mimi",,,,Lowey,,,,Lowey,
,Larson (CT),,,,"Lieu, Ted",,,,Smith (MO),,,,,,,,Lee,,,,Lewis (MN),,,,,Williams,,,Wilson (SC),,,,Yoder,,,,Moolenaar,,,,McGovern,,,,Walker,,,,Weber (TX),,,,Lucas,,,,Lucas,
,Lawrence,,,,Lipinski,,,,Smith (NE),,,,,,,,Levin,,,,"Lieu, Ted",,,,,Wilson (SC),,,Wittman,,,,Yoho,,,,Mooney (WV),,,,McHenry,,,,Walorski,,,,Webster (FL),,,,Luetkemeyer,,,,Luetkemeyer,
,Lee,,,,LoBiondo,,,,Smith (NJ),,,,,,,,Lewis,,,,Lipinski,,,,,Wittman,,,Womack,,,,Young (AK),,,,Moore,,,,McKinley,,,,"Walters, Mimi",,,,Wenstrup,,,,"Lujan Grisham, M.",,,,"Luján, Ben Ray",
,Levin,,,,Loebsack,,,,Smith (TX),,,,,,,,"Lieu, Ted",,,,LoBiondo,,,,,Womack,,,Woodall,,,,Young (IA),,,,Mullin,,,,McMorris Rodgers,,,,Weber (TX),,,,Westerman,,,,"Luján, Ben Ray",,,,Lynch,
,Lewis,,,,Lofgren,,,,Stefanik,,,,,,,,Lipinski,,,,Loebsack,,,,,Woodall,,,Yoder,,,,Zeldin,,,,Nadler,,,,McNerney,,,,Webster (FL),,,,Williams,,,,Lynch,,,,MacArthur,
,"Lieu, Ted",,,,Long,,,,Stewart,,,,,,,,LoBiondo,,,,Lofgren,,,,,Yoder,,,Yoho,,,,,,,,Newhouse,,,,McSally,,,,Wenstrup,,,,Wilson (SC),,,,MacArthur,,,,"Maloney, Carolyn B.",
,Lipinski,,,,Loudermilk,,,,Stivers,,,,,,,,Loebsack,,,,Long,,,,,Yoho,,,Young (AK),,,,,,,,Noem,,,,Meadows,,,,Westerman,,,,Wittman,,,,"Maloney, Carolyn B.",,,,"Maloney, Sean",
,LoBiondo,,,,Love,,,,Stutzman,,,,,,,,Lofgren,,,,Love,,,,,Young (AK),,,Young (IA),,,,,,,,Nolan,,,,Meeks,,,,Williams,,,,Womack,,,,"Maloney, Sean",,,,Marchant,
,Loebsack,,,,Lowenthal,,,,Thompson (PA),,,,,,,,Long,,,,Lowenthal,,,,,Young (IA),,,Zeldin,,,,,,,,Norcross,,,,Meng,,,,Wilson (SC),,,,Woodall,,,,Marino,,,,Marino,
,Lofgren,,,,Lowey,,,,Thornberry,,,,,,,,Loudermilk,,,,Lowey,,,,,Zeldin,,,,,,,,,,,Nunes,,,,Messer,,,,Wittman,,,,Yoder,,,,Marshall,,,,Marshall,
,Long,,,,Lucas,,,,Tiberi,,,,,,,,Love,,,,Lucas,,,,,,,,,,,,,,,,O'Halleran,,,,Mitchell,,,,Womack,,,,Yoho,,,,Mast,,,,Mast,
,Loudermilk,,,,Luetkemeyer,,,,Tipton,,,,,,,,Lowenthal,,,,Luetkemeyer,,,,,,,,,,,,,,,,O'Rourke,,,,Moolenaar,,,,Woodall,,,,Young (AK),,,,Matsui,,,,Matsui,
,Love,,,,Lujan Grisham (NM),,,,Trott,,,,,,,,Lowey,,,,"Lujan Grisham, M.",,,,,,,,,,,,,,,,Olson,,,,Moulton,,,,Yoder,,,,Young (IA),,,,McCarthy,,,,McCarthy,
,Lowenthal,,,,"Luján, Ben Ray (NM)",,,,Turner,,,,,,,,Lucas,,,,"Luján, Ben Ray",,,,,,,,,,,,,,,,Palazzo,,,,Mullin,,,,Yoho,,,,Zeldin,,,,McCaul,,,,McCaul,
,Lowey,,,,Lummis,,,,Upton,,,,,,,,Luetkemeyer,,,,Lynch,,,,,,,,,,,,,,,,Pallone,,,,Murphy (FL),,,,Young (AK),,,,,,,,McCollum,,,,McClintock,
,Lucas,,,,Lynch,,,,Valadao,,,,,,,,Lujan Grisham (NM),,,,MacArthur,,,,,,,,,,,,,,,,Palmer,,,,Nadler,,,,Young (IA),,,,,,,,McEachin,,,,McCollum,
,Luetkemeyer,,,,MacArthur,,,,Wagner,,,,,,,,"Luján, Ben Ray (NM)",,,,"Maloney, Carolyn B.",,,,,,,,,,,,,,,,Panetta,,,,Neal,,,,Zeldin,,,,,,,,McGovern,,,,McEachin,
,Lujan Grisham (NM),,,,"Maloney, Sean",,,,Walberg,,,,,,,,Lummis,,,,"Maloney, Sean",,,,,,,,,,,,,,,,Pascrell,,,,Newhouse,,,,,,,,,,,,McHenry,,,,McGovern,
,"Luján, Ben Ray (NM)",,,,Marchant,,,,Walden,,,,,,,,Lynch,,,,Marino,,,,,,,,,,,,,,,,Paulsen,,,,Noem,,,,,,,,,,,,McKinley,,,,McHenry,
,Lummis,,,,Marino,,,,Walker,,,,,,,,Marino,,,,Marshall,,,,,,,,,,,,,,,,Payne,,,,Norman,,,,,,,,,,,,McMorris Rodgers,,,,McKinley,
,Lynch,,,,Matsui,,,,Walorski,,,,,,,,Massie,,,,Mast,,,,,,,,,,,,,,,,Pearce,,,,Nunes,,,,,,,,,,,,McNerney,,,,McMorris Rodgers,
,MacArthur,,,,McCarthy,,,,"Walters, Mimi",,,,,,,,Matsui,,,,Matsui,,,,,,,,,,,,,,,,Pelosi,,,,O'Halleran,,,,,,,,,,,,McSally,,,,McNerney,
,"Maloney, Carolyn",,,,McCaul,,,,Walz,,,,,,,,McCarthy,,,,McCarthy,,,,,,,,,,,,,,,,Perlmutter,,,,Olson,,,,,,,,,,,,Meadows,,,,McSally,
,Marchant,,,,McClintock,,,,Weber (TX),,,,,,,,McCaul,,,,McCaul,,,,,,,,,,,,,,,,Peters,,,,Palazzo,,,,,,,,,,,,Meeks,,,,Meadows,
,Marino,,,,McCollum,,,,Webster (FL),,,,,,,,McClintock,,,,McCollum,,,,,,,,,,,,,,,,Peterson,,,,Pallone,,,,,,,,,,,,Meng,,,,Meeks,
,Matsui,,,,McDermott,,,,Wenstrup,,,,,,,,McCollum,,,,McEachin,,,,,,,,,,,,,,,,Pingree,,,,Palmer,,,,,,,,,,,,Messer,,,,Meng,
,McCarthy,,,,McGovern,,,,Westerman,,,,,,,,McDermott,,,,McGovern,,,,,,,,,,,,,,,,Pocan,,,,Panetta,,,,,,,,,,,,Mitchell,,,,Mitchell,
,McCaul,,,,McHenry,,,,Westmoreland,,,,,,,,McGovern,,,,McHenry,,,,,,,,,,,,,,,,Poliquin,,,,Pascrell,,,,,,,,,,,,Moolenaar,,,,Moolenaar,
,McClintock,,,,McKinley,,,,Williams,,,,,,,,McHenry,,,,McKinley,,,,,,,,,,,,,,,,Raskin,,,,Paulsen,,,,,,,,,,,,Mooney (WV),,,,Mooney (WV),
,McCollum,,,,McMorris Rodgers,,,,Wilson (SC),,,,,,,,McKinley,,,,McMorris Rodgers,,,,,,,,,,,,,,,,Ratcliffe,,,,Pearce,,,,,,,,,,,,Moore,,,,Moore,
,McDermott,,,,McNerney,,,,Womack,,,,,,,,McMorris Rodgers,,,,McNerney,,,,,,,,,,,,,,,,Reed,,,,Pelosi,,,,,,,,,,,,Moulton,,,,Moulton,
,McGovern,,,,McSally,,,,Woodall,,,,,,,,McNerney,,,,McSally,,,,,,,,,,,,,,,,Reichert,,,,Perlmutter,,,,,,,,,,,,Mullin,,,,Mullin,
,McHenry,,,,Meadows,,,,Yoder,,,,,,,,McSally,,,,Meadows,,,,,,,,,,,,,,,,Rice (SC),,,,Perry,,,,,,,,,,,,Nadler,,,,Murphy (FL),
,McKinley,,,,Meehan,,,,Yoho,,,,,,,,Meadows,,,,Meeks,,,,,,,,,,,,,,,,Richmond,,,,Peters,,,,,,,,,,,,Napolitano,,,,Nadler,
,McMorris Rodgers,,,,Meeks,,,,Young (AK),,,,,,,,Meehan,,,,Messer,,,,,,,,,,,,,,,,Roby,,,,Peterson,,,,,,,,,,,,Neal,,,,Napolitano,
,McNerney,,,,Meng,,,,Young (IA),,,,,,,,Meeks,,,,Mitchell,,,,,,,,,,,,,,,,Roe (TN),,,,Pingree,,,,,,,,,,,,Newhouse,,,,Neal,
,McSally,,,,Messer,,,,Young (IN),,,,,,,,Messer,,,,Moolenaar,,,,,,,,,,,,,,,,Rogers (AL),,,,Pittenger,,,,,,,,,,,,Noem,,,,Newhouse,
,Meadows,,,,Mica,,,,Zeldin,,,,,,,,Mica,,,,Mooney (WV),,,,,,,,,,,,,,,,Rogers (KY),,,,Poe (TX),,,,,,,,,,,,Nolan,,,,Noem,
,Meehan,,,,Miller (FL),,,,Zinke,,,,,,,,Miller (FL),,,,Moore,,,,,,,,,,,,,,,,Rohrabacher,,,,Poliquin,,,,,,,,,,,,Norcross,,,,Nolan,
,Meeks,,,,Miller (MI),,,,,,,,,,,,Miller (MI),,,,Moulton,,,,,,,,,,,,,,,,Rokita,,,,Posey,,,,,,,,,,,,Norman,,,,Norcross,
,Meng,,,,Moolenaar,,,,,,,,,,,,Moolenaar,,,,Mullin,,,,,,,,,,,,,,,,"Rooney, Francis",,,,Price (NC),,,,,,,,,,,,Nunes,,,,Norman,
,Messer,,,,Moore,,,,,,,,,,,,Mooney (WV),,,,Murphy (FL),,,,,,,,,,,,,,,,"Rooney, Thomas J.",,,,Ratcliffe,,,,,,,,,,,,O'Halleran,,,,Nunes,
,Mica,,,,Moulton,,,,,,,,,,,,Moore,,,,Nadler,,,,,,,,,,,,,,,,Ros-Lehtinen,,,,Reed,,,,,,,,,,,,O'Rourke,,,,O'Halleran,
,Miller (FL),,,,Mullin,,,,,,,,,,,,Moulton,,,,Napolitano,,,,,,,,,,,,,,,,Rosen,,,,Reichert,,,,,,,,,,,,Olson,,,,Palazzo,
,Miller (MI),,,,Mulvaney,,,,,,,,,,,,Mullin,,,,Neal,,,,,,,,,,,,,,,,Roskam,,,,Renacci,,,,,,,,,,,,Palazzo,,,,Pallone,
,Moolenaar,,,,Murphy (FL),,,,,,,,,,,,Mulvaney,,,,Newhouse,,,,,,,,,,,,,,,,Rothfus,,,,Rice (NY),,,,,,,,,,,,Pallone,,,,Palmer,
,Moore,,,,Murphy (PA),,,,,,,,,,,,Murphy (FL),,,,Nolan,,,,,,,,,,,,,,,,Rouzer,,,,Rice (SC),,,,,,,,,,,,Palmer,,,,Panetta,
,Moulton,,,,Nadler,,,,,,,,,,,,Murphy (PA),,,,Norcross,,,,,,,,,,,,,,,,Roybal-Allard,,,,Roby,,,,,,,,,,,,Panetta,,,,Pascrell,
,Mullin,,,,Napolitano,,,,,,,,,,,,Nadler,,,,Norman,,,,,,,,,,,,,,,,Royce (CA),,,,Roe (TN),,,,,,,,,,,,Pascrell,,,,Paulsen,
,Mulvaney,,,,Neal,,,,,,,,,,,,Napolitano,,,,Nunes,,,,,,,,,,,,,,,,Ruiz,,,,Rogers (AL),,,,,,,,,,,,Paulsen,,,,Payne,
,Murphy (FL),,,,Neugebauer,,,,,,,,,,,,Neal,,,,O'Halleran,,,,,,,,,,,,,,,,Ruppersberger,,,,Rogers (KY),,,,,,,,,,,,Payne,,,,Pelosi,
,Murphy (PA),,,,Newhouse,,,,,,,,,,,,Neugebauer,,,,Olson,,,,,,,,,,,,,,,,Rush,,,,Rohrabacher,,,,,,,,,,,,Pearce,,,,Perlmutter,
,Nadler,,,,Noem,,,,,,,,,,,,Newhouse,,,,Palazzo,,,,,,,,,,,,,,,,Russell,,,,Rokita,,,,,,,,,,,,Pelosi,,,,Perry,
,Napolitano,,,,Nolan,,,,,,,,,,,,Noem,,,,Pallone,,,,,,,,,,,,,,,,Rutherford,,,,"Rooney, Francis",,,,,,,,,,,,Perlmutter,,,,Peters,
,Neal,,,,Norcross,,,,,,,,,,,,Nolan,,,,Palmer,,,,,,,,,,,,,,,,Ryan (OH),,,,Ros-Lehtinen,,,,,,,,,,,,Perry,,,,Peterson,
,Neugebauer,,,,Nugent,,,,,,,,,,,,Nugent,,,,Panetta,,,,,,,,,,,,,,,,Sánchez,,,,Rosen,,,,,,,,,,,,Peters,,,,Pingree,
,Newhouse,,,,Nunes,,,,,,,,,,,,Nunes,,,,Pascrell,,,,,,,,,,,,,,,,Sarbanes,,,,Roskam,,,,,,,,,,,,Peterson,,,,Pittenger,
,Noem,,,,O'Rourke,,,,,,,,,,,,O'Rourke,,,,Paulsen,,,,,,,,,,,,,,,,Scalise,,,,Ross,,,,,,,,,,,,Pingree,,,,Pocan,
,Nugent,,,,Olson,,,,,,,,,,,,Olson,,,,Pearce,,,,,,,,,,,,,,,,Schakowsky,,,,Rothfus,,,,,,,,,,,,Pittenger,,,,Poliquin,
,Nunes,,,,Palazzo,,,,,,,,,,,,Palazzo,,,,Pelosi,,,,,,,,,,,,,,,,Schiff,,,,Rouzer,,,,,,,,,,,,Pocan,,,,Polis,
,O'Rourke,,,,Pallone,,,,,,,,,,,,Pallone,,,,Perlmutter,,,,,,,,,,,,,,,,Schneider,,,,Royce (CA),,,,,,,,,,,,Poe (TX),,,,Posey,
,Olson,,,,Palmer,,,,,,,,,,,,Palmer,,,,Perry,,,,,,,,,,,,,,,,Schweikert,,,,Ruiz,,,,,,,,,,,,Poliquin,,,,Price (NC),
,Palazzo,,,,Pascrell,,,,,,,,,,,,Pascrell,,,,Peters,,,,,,,,,,,,,,,,Scott (VA),,,,Ruppersberger,,,,,,,,,,,,Polis,,,,Quigley,
,Pallone,,,,Paulsen,,,,,,,,,,,,Paulsen,,,,Peterson,,,,,,,,,,,,,,,,"Scott, Austin",,,,Russell,,,,,,,,,,,,Posey,,,,Raskin,
,Palmer,,,,Payne,,,,,,,,,,,,Payne,,,,Pingree,,,,,,,,,,,,,,,,"Scott, David",,,,Rutherford,,,,,,,,,,,,Price (NC),,,,Reed,
,Pascrell,,,,Pearce,,,,,,,,,,,,Pearce,,,,Pittenger,,,,,,,,,,,,,,,,Sensenbrenner,,,,Ryan (OH),,,,,,,,,,,,Quigley,,,,Reichert,
,Paulsen,,,,Pelosi,,,,,,,,,,,,Pelosi,,,,Pocan,,,,,,,,,,,,,,,,Serrano,,,,Sánchez,,,,,,,,,,,,Raskin,,,,Renacci,
,Payne,,,,Perlmutter,,,,,,,,,,,,Perlmutter,,,,Poe (TX),,,,,,,,,,,,,,,,Sessions,,,,Sanford,,,,,,,,,,,,Ratcliffe,,,,Rice (NY),
,Pearce,,,,Perry,,,,,,,,,,,,Perry,,,,Poliquin,,,,,,,,,,,,,,,,Shea-Porter,,,,Sarbanes,,,,,,,,,,,,Reed,,,,Rice (SC),
,Pelosi,,,,Peters,,,,,,,,,,,,Peters,,,,Polis,,,,,,,,,,,,,,,,Sherman,,,,Scalise,,,,,,,,,,,,Reichert,,,,Richmond,
,Perlmutter,,,,Peterson,,,,,,,,,,,,Peterson,,,,Posey,,,,,,,,,,,,,,,,Shimkus,,,,Schiff,,,,,,,,,,,,Renacci,,,,Roby,
,Perry,,,,Pingree,,,,,,,,,,,,Pingree,,,,Price (NC),,,,,,,,,,,,,,,,Shuster,,,,Schneider,,,,,,,,,,,,Rice (NY),,,,Roe (TN),
,Peters,,,,Pittenger,,,,,,,,,,,,Pittenger,,,,Quigley,,,,,,,,,,,,,,,,Sinema,,,,Schrader,,,,,,,,,,,,Rice (SC),,,,Rogers (AL),
,Peterson,,,,Pocan,,,,,,,,,,,,Pitts,,,,Raskin,,,,,,,,,,,,,,,,Sires,,,,Schweikert,,,,,,,,,,,,Richmond,,,,Rokita,
,Pingree,,,,Poe (TX),,,,,,,,,,,,Pocan,,,,Ratcliffe,,,,,,,,,,,,,,,,Smith (MO),,,,"Scott, Austin",,,,,,,,,,,,Roby,,,,"Rooney, Francis",
,Pittenger,,,,Poliquin,,,,,,,,,,,,Poe (TX),,,,Reichert,,,,,,,,,,,,,,,,Smith (NE),,,,"Scott, David",,,,,,,,,,,,Roe (TN),,,,"Rooney, Thomas J.",
,Pocan,,,,Polis,,,,,,,,,,,,Poliquin,,,,Renacci,,,,,,,,,,,,,,,,Smith (NJ),,,,Sensenbrenner,,,,,,,,,,,,Rogers (AL),,,,Ros-Lehtinen,
,Poe (TX),,,,Pompeo,,,,,,,,,,,,Polis,,,,Rice (NY),,,,,,,,,,,,,,,,Smith (TX),,,,Serrano,,,,,,,,,,,,Rogers (KY),,,,Rosen,
,Poliquin,,,,Posey,,,,,,,,,,,,Pompeo,,,,Rice (SC),,,,,,,,,,,,,,,,Smith (WA),,,,Sessions,,,,,,,,,,,,Rokita,,,,Roskam,
,Polis,,,,Price (NC),,,,,,,,,,,,Posey,,,,Richmond,,,,,,,,,,,,,,,,Smucker,,,,Sewell (AL),,,,,,,,,,,,Ros-Lehtinen,,,,Rothfus,
,Pompeo,,,,"Price, Tom",,,,,,,,,,,,Price (NC),,,,Roby,,,,,,,,,,,,,,,,Soto,,,,Shea-Porter,,,,,,,,,,,,Rosen,,,,Rouzer,
,Posey,,,,Quigley,,,,,,,,,,,,"Price, Tom",,,,Roe (TN),,,,,,,,,,,,,,,,Speier,,,,Sherman,,,,,,,,,,,,Ross,,,,Roybal-Allard,
,Price (NC),,,,Rangel,,,,,,,,,,,,Quigley,,,,Rogers (AL),,,,,,,,,,,,,,,,Stefanik,,,,Shimkus,,,,,,,,,,,,Rothfus,,,,Royce (CA),
,"Price, Tom",,,,Ratcliffe,,,,,,,,,,,,Rangel,,,,Rogers (KY),,,,,,,,,,,,,,,,Stewart,,,,Shuster,,,,,,,,,,,,Rouzer,,,,Ruiz,
,Quigley,,,,Reed,,,,,,,,,,,,Ratcliffe,,,,Rohrabacher,,,,,,,,,,,,,,,,Suozzi,,,,Simpson,,,,,,,,,,,,Roybal-Allard,,,,Ruppersberger,
,Rangel,,,,Reichert,,,,,,,,,,,,Reed,,,,"Rooney, Francis",,,,,,,,,,,,,,,,Swalwell (CA),,,,Sinema,,,,,,,,,,,,Royce (CA),,,,Russell,
,Ratcliffe,,,,Renacci,,,,,,,,,,,,Reichert,,,,Ros-Lehtinen,,,,,,,,,,,,,,,,Takano,,,,Sires,,,,,,,,,,,,Ruiz,,,,Rutherford,
,Reed,,,,Ribble,,,,,,,,,,,,Renacci,,,,Rosen,,,,,,,,,,,,,,,,Taylor,,,,Smith (MO),,,,,,,,,,,,Ruppersberger,,,,Ryan (OH),
,Reichert,,,,Rice (NY),,,,,,,,,,,,Ribble,,,,Roskam,,,,,,,,,,,,,,,,Tenney,,,,Smith (NE),,,,,,,,,,,,Rush,,,,Sánchez,
,Renacci,,,,Rice (SC),,,,,,,,,,,,Rice (NY),,,,Ross,,,,,,,,,,,,,,,,Thompson (CA),,,,Smith (NJ),,,,,,,,,,,,Russell,,,,Sanford,
,Ribble,,,,Richmond,,,,,,,,,,,,Rice (SC),,,,Rothfus,,,,,,,,,,,,,,,,Thompson (PA),,,,Smith (TX),,,,,,,,,,,,Rutherford,,,,Sarbanes,
,Rice (NY),,,,Rigell,,,,,,,,,,,,Richmond,,,,Rouzer,,,,,,,,,,,,,,,,Thornberry,,,,Smucker,,,,,,,,,,,,Ryan (OH),,,,Scalise,
,Rice (SC),,,,Roby,,,,,,,,,,,,Rigell,,,,Roybal-Allard,,,,,,,,,,,,,,,,Tipton,,,,Soto,,,,,,,,,,,,Sánchez,,,,Schakowsky,
,Richmond,,,,Roe (TN),,,,,,,,,,,,Roby,,,,Royce (CA),,,,,,,,,,,,,,,,Titus,,,,Speier,,,,,,,,,,,,Sarbanes,,,,Schiff,
,Rigell,,,,Rogers (AL),,,,,,,,,,,,Roe (TN),,,,Ruiz,,,,,,,,,,,,,,,,Tonko,,,,Stefanik,,,,,,,,,,,,Scalise,,,,Schneider,
,Roby,,,,Rogers (KY),,,,,,,,,,,,Rogers (AL),,,,Ruppersberger,,,,,,,,,,,,,,,,Torres,,,,Stewart,,,,,,,,,,,,Schakowsky,,,,Schrader,
,Roe (TN),,,,Rohrabacher,,,,,,,,,,,,Rogers (KY),,,,Rush,,,,,,,,,,,,,,,,Trott,,,,Stivers,,,,,,,,,,,,Schiff,,,,Scott (VA),
,Rogers (AL),,,,Rokita,,,,,,,,,,,,Rokita,,,,Russell,,,,,,,,,,,,,,,,Turner,,,,Suozzi,,,,,,,,,,,,Schneider,,,,"Scott, Austin",
,Rogers (KY),,,,Rooney (FL),,,,,,,,,,,,Ros-Lehtinen,,,,Rutherford,,,,,,,,,,,,,,,,Upton,,,,Swalwell (CA),,,,,,,,,,,,Schrader,,,,"Scott, David",
,Rohrabacher,,,,Ros-Lehtinen,,,,,,,,,,,,Roskam,,,,Ryan (OH),,,,,,,,,,,,,,,,Valadao,,,,Takano,,,,,,,,,,,,Schweikert,,,,Sensenbrenner,
,Rokita,,,,Roskam,,,,,,,,,,,,Ross,,,,Sánchez,,,,,,,,,,,,,,,,Vargas,,,,Taylor,,,,,,,,,,,,Scott (VA),,,,Serrano,
,Rooney (FL),,,,Ross,,,,,,,,,,,,Rothfus,,,,Sarbanes,,,,,,,,,,,,,,,,Veasey,,,,Tenney,,,,,,,,,,,,"Scott, Austin",,,,Sewell (AL),
,Ros-Lehtinen,,,,Rothfus,,,,,,,,,,,,Rouzer,,,,Scalise,,,,,,,,,,,,,,,,Velázquez,,,,Thompson (CA),,,,,,,,,,,,"Scott, David",,,,Shea-Porter,
,Roskam,,,,Rouzer,,,,,,,,,,,,Roybal-Allard,,,,Schakowsky,,,,,,,,,,,,,,,,Visclosky,,,,Thompson (PA),,,,,,,,,,,,Sensenbrenner,,,,Sherman,
,Ross,,,,Roybal-Allard,,,,,,,,,,,,Royce,,,,Schiff,,,,,,,,,,,,,,,,Wagner,,,,Thornberry,,,,,,,,,,,,Serrano,,,,Shimkus,
,Rothfus,,,,Royce,,,,,,,,,,,,Ruiz,,,,Schneider,,,,,,,,,,,,,,,,Walberg,,,,Tipton,,,,,,,,,,,,Sessions,,,,Shuster,
,Rouzer,,,,Ruiz,,,,,,,,,,,,Ruppersberger,,,,Schrader,,,,,,,,,,,,,,,,Walden,,,,Tonko,,,,,,,,,,,,Sewell (AL),,,,Simpson,
,Roybal-Allard,,,,Ruppersberger,,,,,,,,,,,,Rush,,,,Schweikert,,,,,,,,,,,,,,,,Walker,,,,Torres,,,,,,,,,,,,Shea-Porter,,,,Sinema,
,Royce,,,,Rush,,,,,,,,,,,,Russell,,,,Scott (VA),,,,,,,,,,,,,,,,Walorski,,,,Turner,,,,,,,,,,,,Sherman,,,,Smith (MO),
,Ruiz,,,,Russell,,,,,,,,,,,,Ryan (OH),,,,"Scott, Austin",,,,,,,,,,,,,,,,"Walters, Mimi",,,,Upton,,,,,,,,,,,,Shimkus,,,,Smith (NE),
,Ruppersberger,,,,Ryan (OH),,,,,,,,,,,,Salmon,,,,"Scott, David",,,,,,,,,,,,,,,,"Waters, Maxine",,,,Valadao,,,,,,,,,,,,Shuster,,,,Smith (NJ),
,Rush,,,,Salmon,,,,,,,,,,,,"Sánchez, Linda T.",,,,Sensenbrenner,,,,,,,,,,,,,,,,Watson Coleman,,,,Vargas,,,,,,,,,,,,Simpson,,,,Smith (TX),
,Russell,,,,"Sánchez, Linda T.",,,,,,,,,,,,Sanford,,,,Serrano,,,,,,,,,,,,,,,,Weber (TX),,,,Vela,,,,,,,,,,,,Sinema,,,,Smith (WA),
,Ryan (OH),,,,"Sanchez, Loretta",,,,,,,,,,,,Sarbanes,,,,Sessions,,,,,,,,,,,,,,,,Welch,,,,Visclosky,,,,,,,,,,,,Smith (MO),,,,Smucker,
,Salmon,,,,Sanford,,,,,,,,,,,,Scalise,,,,Sewell (AL),,,,,,,,,,,,,,,,Wenstrup,,,,Wagner,,,,,,,,,,,,Smith (NE),,,,Soto,
,"Sánchez, Linda T.",,,,Sarbanes,,,,,,,,,,,,Schakowsky,,,,Shea-Porter,,,,,,,,,,,,,,,,Westerman,,,,Walberg,,,,,,,,,,,,Smith (NJ),,,,Stefanik,
,"Sanchez, Loretta",,,,Scalise,,,,,,,,,,,,Schiff,,,,Sherman,,,,,,,,,,,,,,,,Williams,,,,Walden,,,,,,,,,,,,Smith (TX),,,,Stewart,
,Sarbanes,,,,Schakowsky,,,,,,,,,,,,Schrader,,,,Shimkus,,,,,,,,,,,,,,,,Wilson (SC),,,,Walker,,,,,,,,,,,,Smith (WA),,,,Stivers,
,Scalise,,,,Schiff,,,,,,,,,,,,Schweikert,,,,Shuster,,,,,,,,,,,,,,,,Wittman,,,,Walorski,,,,,,,,,,,,Smucker,,,,Suozzi,
,Schakowsky,,,,Schrader,,,,,,,,,,,,Scott (VA),,,,Simpson,,,,,,,,,,,,,,,,Womack,,,,"Walters, Mimi",,,,,,,,,,,,Soto,,,,Swalwell (CA),
,Schiff,,,,Schweikert,,,,,,,,,,,,"Scott, Austin",,,,Sinema,,,,,,,,,,,,,,,,Woodall,,,,Wasserman Schultz,,,,,,,,,,,,Speier,,,,Takano,
,Schrader,,,,Scott (VA),,,,,,,,,,,,"Scott, David",,,,Sires,,,,,,,,,,,,,,,,Yarmuth,,,,Weber (TX),,,,,,,,,,,,Stefanik,,,,Taylor,
,Schweikert,,,,"Scott, Austin",,,,,,,,,,,,Sensenbrenner,,,,Smith (MO),,,,,,,,,,,,,,,,Yoder,,,,Webster (FL),,,,,,,,,,,,Stewart,,,,Tenney,
,Scott (VA),,,,"Scott, David",,,,,,,,,,,,Sessions,,,,Smith (NE),,,,,,,,,,,,,,,,Young (AK),,,,Welch,,,,,,,,,,,,Stivers,,,,Thompson (CA),
,"Scott, Austin",,,,Sensenbrenner,,,,,,,,,,,,Sewell (AL),,,,Smith (NJ),,,,,,,,,,,,,,,,Young (IA),,,,Wenstrup,,,,,,,,,,,,Suozzi,,,,Thompson (PA),
,Sensenbrenner,,,,Serrano,,,,,,,,,,,,Sherman,,,,Smith (TX),,,,,,,,,,,,,,,,Zeldin,,,,Westerman,,,,,,,,,,,,Takano,,,,Tipton,
,Serrano,,,,Sessions,,,,,,,,,,,,Shimkus,,,,Smith (WA),,,,,,,,,,,,,,,,,,,,Williams,,,,,,,,,,,,Tenney,,,,Titus,
,Sessions,,,,Sherman,,,,,,,,,,,,Shuster,,,,Smucker,,,,,,,,,,,,,,,,,,,,Wilson (FL),,,,,,,,,,,,Thompson (CA),,,,Tonko,
,Sewell (AL),,,,Shimkus,,,,,,,,,,,,Simpson,,,,Soto,,,,,,,,,,,,,,,,,,,,Wilson (SC),,,,,,,,,,,,Thompson (MS),,,,Torres,
,Sherman,,,,Shuster,,,,,,,,,,,,Sinema,,,,Speier,,,,,,,,,,,,,,,,,,,,Wittman,,,,,,,,,,,,Thompson (PA),,,,Trott,
,Shimkus,,,,Simpson,,,,,,,,,,,,Sires,,,,Stefanik,,,,,,,,,,,,,,,,,,,,Womack,,,,,,,,,,,,Thornberry,,,,Upton,
,Shuster,,,,Sinema,,,,,,,,,,,,Smith (MO),,,,Stewart,,,,,,,,,,,,,,,,,,,,Woodall,,,,,,,,,,,,Tipton,,,,Valadao,
,Simpson,,,,Sires,,,,,,,,,,,,Smith (NE),,,,Stivers,,,,,,,,,,,,,,,,,,,,Yarmuth,,,,,,,,,,,,Tonko,,,,Veasey,
,Sinema,,,,Slaughter,,,,,,,,,,,,Smith (NJ),,,,Suozzi,,,,,,,,,,,,,,,,,,,,Yoder,,,,,,,,,,,,Torres,,,,Vela,
,Sires,,,,Smith (MO),,,,,,,,,,,,Smith (TX),,,,Swalwell (CA),,,,,,,,,,,,,,,,,,,,Yoho,,,,,,,,,,,,Trott,,,,Velázquez,
,Slaughter,,,,Smith (NE),,,,,,,,,,,,Smith (WA),,,,Takano,,,,,,,,,,,,,,,,,,,,Young (IA),,,,,,,,,,,,Tsongas,,,,Visclosky,
,Smith (MO),,,,Smith (NJ),,,,,,,,,,,,Speier,,,,Taylor,,,,,,,,,,,,,,,,,,,,Zeldin,,,,,,,,,,,,Turner,,,,Wagner,
,Smith (NE),,,,Smith (TX),,,,,,,,,,,,Stefanik,,,,Tenney,,,,,,,,,,,,,,,,,,,,,,,,,,,,,,,,Upton,,,,Walberg,
,Smith (NJ),,,,Smith (WA),,,,,,,,,,,,Stewart,,,,Thompson (CA),,,,,,,,,,,,,,,,,,,,,,,,,,,,,,,,Valadao,,,,Walden,
,Smith (TX),,,,Speier,,,,,,,,,,,,Stivers,,,,Thompson (MS),,,,,,,,,,,,,,,,,,,,,,,,,,,,,,,,Vargas,,,,Walker,
,Smith (WA),,,,Stefanik,,,,,,,,,,,,Stutzman,,,,Thompson (PA),,,,,,,,,,,,,,,,,,,,,,,,,,,,,,,,Veasey,,,,Walorski,
,Speier,,,,Stewart,,,,,,,,,,,,Swalwell (CA),,,,Thornberry,,,,,,,,,,,,,,,,,,,,,,,,,,,,,,,,Vela,,,,"Walters, Mimi",
,Stefanik,,,,Stivers,,,,,,,,,,,,Takano,,,,Tipton,,,,,,,,,,,,,,,,,,,,,,,,,,,,,,,,Velázquez,,,,Walz,
,Stewart,,,,Stutzman,,,,,,,,,,,,Thompson (CA),,,,Tonko,,,,,,,,,,,,,,,,,,,,,,,,,,,,,,,,Wagner,,,,Wasserman Schultz,
,Stivers,,,,Swalwell (CA),,,,,,,,,,,,Thompson (MS),,,,Torres,,,,,,,,,,,,,,,,,,,,,,,,,,,,,,,,Walberg,,,,"Waters, Maxine",
,Stutzman,,,,Takano,,,,,,,,,,,,Thompson (PA),,,,Trott,,,,,,,,,,,,,,,,,,,,,,,,,,,,,,,,Walden,,,,Watson Coleman,
,Swalwell (CA),,,,Thompson (CA),,,,,,,,,,,,Thornberry,,,,Tsongas,,,,,,,,,,,,,,,,,,,,,,,,,,,,,,,,Walker,,,,Weber (TX),
,Takai,,,,Thompson (MS),,,,,,,,,,,,Tiberi,,,,Turner,,,,,,,,,,,,,,,,,,,,,,,,,,,,,,,,Walorski,,,,Webster (FL),
,Takano,,,,Thompson (PA),,,,,,,,,,,,Tipton,,,,Upton,,,,,,,,,,,,,,,,,,,,,,,,,,,,,,,,"Walters, Mimi",,,,Welch,
,Thompson (CA),,,,Thornberry,,,,,,,,,,,,Titus,,,,Valadao,,,,,,,,,,,,,,,,,,,,,,,,,,,,,,,,Wasserman Schultz,,,,Wenstrup,
,Thompson (MS),,,,Tiberi,,,,,,,,,,,,Tonko,,,,Vargas,,,,,,,,,,,,,,,,,,,,,,,,,,,,,,,,"Waters, Maxine",,,,Williams,
,Thompson (PA),,,,Tipton,,,,,,,,,,,,Torres,,,,Vela,,,,,,,,,,,,,,,,,,,,,,,,,,,,,,,,Watson Coleman,,,,Wilson (SC),
,Thornberry,,,,Titus,,,,,,,,,,,,Trott,,,,Velázquez,,,,,,,,,,,,,,,,,,,,,,,,,,,,,,,,Weber (TX),,,,Wittman,
,Tiberi,,,,Tonko,,,,,,,,,,,,Tsongas,,,,Visclosky,,,,,,,,,,,,,,,,,,,,,,,,,,,,,,,,Webster (FL),,,,Womack,
,Tipton,,,,Torres,,,,,,,,,,,,Turner,,,,Wagner,,,,,,,,,,,,,,,,,,,,,,,,,,,,,,,,Welch,,,,Woodall,
,Tonko,,,,Trott,,,,,,,,,,,,Upton,,,,Walberg,,,,,,,,,,,,,,,,,,,,,,,,,,,,,,,,Wenstrup,,,,Yarmuth,
,Torres,,,,Tsongas,,,,,,,,,,,,Valadao,,,,Walden,,,,,,,,,,,,,,,,,,,,,,,,,,,,,,,,Westerman,,,,Yoder,
,Trott,,,,Turner,,,,,,,,,,,,Van Hollen,,,,Walker,,,,,,,,,,,,,,,,,,,,,,,,,,,,,,,,Williams,,,,Yoho,
,Tsongas,,,,Upton,,,,,,,,,,,,Vargas,,,,Walorski,,,,,,,,,,,,,,,,,,,,,,,,,,,,,,,,Wittman,,,,Young (AK),
,Turner,,,,Valadao,,,,,,,,,,,,Veasey,,,,"Walters, Mimi",,,,,,,,,,,,,,,,,,,,,,,,,,,,,,,,Womack,,,,Young (IA),
,Upton,,,,Van Hollen,,,,,,,,,,,,Vela,,,,Wasserman Schultz,,,,,,,,,,,,,,,,,,,,,,,,,,,,,,,,Woodall,,,,Zeldin,
,Valadao,,,,Vargas,,,,,,,,,,,,Velázquez,,,,"Waters, Maxine",,,,,,,,,,,,,,,,,,,,,,,,,,,,,,,,Yarmuth,,,,,
,Van Hollen,,,,Veasey,,,,,,,,,,,,Visclosky,,,,Watson Coleman,,,,,,,,,,,,,,,,,,,,,,,,,,,,,,,,Yoder,,,,,
,Vargas,,,,Vela,,,,,,,,,,,,Wagner,,,,Weber (TX),,,,,,,,,,,,,,,,,,,,,,,,,,,,,,,,Yoho,,,,,
,Veasey,,,,Velázquez,,,,,,,,,,,,Walberg,,,,Webster (FL),,,,,,,,,,,,,,,,,,,,,,,,,,,,,,,,Young (AK),,,,,
,Vela,,,,Visclosky,,,,,,,,,,,,Walden,,,,Welch,,,,,,,,,,,,,,,,,,,,,,,,,,,,,,,,Young (IA),,,,,
,Velázquez,,,,Wagner,,,,,,,,,,,,Walker,,,,Wenstrup,,,,,,,,,,,,,,,,,,,,,,,,,,,,,,,,Zeldin,,,,,
,Visclosky,,,,Walberg,,,,,,,,,,,,Walorski,,,,Westerman,,,,,,,,,,,,,,,,,,,,,,,,,,,,,,,,,,,,,
,Wagner,,,,Walden,,,,,,,,,,,,"Walters, Mimi",,,,Williams,,,,,,,,,,,,,,,,,,,,,,,,,,,,,,,,,,,,,
,Walberg,,,,Walker,,,,,,,,,,,,Walz,,,,Wilson (FL),,,,,,,,,,,,,,,,,,,,,,,,,,,,,,,,,,,,,
,Walden,,,,Walorski,,,,,,,,,,,,Wasserman Schultz,,,,Wilson (SC),,,,,,,,,,,,,,,,,,,,,,,,,,,,,,,,,,,,,
,Walker,,,,"Walters, Mimi",,,,,,,,,,,,"Waters, Maxine",,,,Wittman,,,,,,,,,,,,,,,,,,,,,,,,,,,,,,,,,,,,,
,Walorski,,,,Walz,,,,,,,,,,,,Watson Coleman,,,,Womack,,,,,,,,,,,,,,,,,,,,,,,,,,,,,,,,,,,,,
,"Walters, Mimi",,,,Wasserman Schultz,,,,,,,,,,,,Weber (TX),,,,Woodall,,,,,,,,,,,,,,,,,,,,,,,,,,,,,,,,,,,,,
,Walz,,,,"Waters, Maxine",,,,,,,,,,,,Webster (FL),,,,Yarmuth,,,,,,,,,,,,,,,,,,,,,,,,,,,,,,,,,,,,,
,Wasserman Schultz,,,,Watson Coleman,,,,,,,,,,,,Welch,,,,Yoder,,,,,,,,,,,,,,,,,,,,,,,,,,,,,,,,,,,,,
,"Waters, Maxine",,,,Weber (TX),,,,,,,,,,,,Wenstrup,,,,Yoho,,,,,,,,,,,,,,,,,,,,,,,,,,,,,,,,,,,,,
,Watson Coleman,,,,Webster (FL),,,,,,,,,,,,Westerman,,,,Young (AK),,,,,,,,,,,,,,,,,,,,,,,,,,,,,,,,,,,,,
,Weber (TX),,,,Welch,,,,,,,,,,,,Westmoreland,,,,Young (IA),,,,,,,,,,,,,,,,,,,,,,,,,,,,,,,,,,,,,
,Welch,,,,Wenstrup,,,,,,,,,,,,Whitfield,,,,Zeldin,,,,,,,,,,,,,,,,,,,,,,,,,,,,,,,,,,,,,
,Wenstrup,,,,Westerman,,,,,,,,,,,,Williams,,,,,,,,,,,,,,,,,,,,,,,,,,,,,,,,,,,,,,,,,
,Westerman,,,,Westmoreland,,,,,,,,,,,,Wilson (FL),,,,,,,,,,,,,,,,,,,,,,,,,,,,,,,,,,,,,,,,,
,Westmoreland,,,,Williams,,,,,,,,,,,,Wilson (SC),,,,,,,,,,,,,,,,,,,,,,,,,,,,,,,,,,,,,,,,,
,Williams,,,,Wilson (FL),,,,,,,,,,,,Wittman,,,,,,,,,,,,,,,,,,,,,,,,,,,,,,,,,,,,,,,,,
,Wilson (FL),,,,Wilson (SC),,,,,,,,,,,,Womack,,,,,,,,,,,,,,,,,,,,,,,,,,,,,,,,,,,,,,,,,
,Wilson (SC),,,,Wittman,,,,,,,,,,,,Woodall,,,,,,,,,,,,,,,,,,,,,,,,,,,,,,,,,,,,,,,,,
,Wittman,,,,Womack,,,,,,,,,,,,Yarmuth,,,,,,,,,,,,,,,,,,,,,,,,,,,,,,,,,,,,,,,,,
,Womack,,,,Woodall,,,,,,,,,,,,Yoder,,,,,,,,,,,,,,,,,,,,,,,,,,,,,,,,,,,,,,,,,
,Woodall,,,,Yarmuth,,,,,,,,,,,,Yoho,,,,,,,,,,,,,,,,,,,,,,,,,,,,,,,,,,,,,,,,,
,Yarmuth,,,,Yoder,,,,,,,,,,,,Young (AK),,,,,,,,,,,,,,,,,,,,,,,,,,,,,,,,,,,,,,,,,
,Yoder,,,,Yoho,,,,,,,,,,,,Young (IA),,,,,,,,,,,,,,,,,,,,,,,,,,,,,,,,,,,,,,,,,
,Yoho,,,,Young (AK),,,,,,,,,,,,Young (IN),,,,,,,,,,,,,,,,,,,,,,,,,,,,,,,,,,,,,,,,,
,Young (AK),,,,Young (IA),,,,,,,,,,,,Zeldin,,,,,,,,,,,,,,,,,,,,,,,,,,,,,,,,,,,,,,,,,
,Young (IA),,,,Young (IN),,,,,,,,,,,,Zinke,,,,,,,,,,,,,,,,,,,,,,,,,,,,,,,,,,,,,,,,,
,Young (IN),,,,Zeldin,,,,,,,,,,,,,,,,,,,,,,,,,,,,,,,,,,,,,,,,,,,,,,,,,,,,,
,Zeldin,,,,Zinke,,,,,,,,,,,,,,,,,,,,,,,,,,,,,,,,,,,,,,,,,,,,,,,,,,,,,
,Zinke,,,,,,,,,,,,,,,,,,,,,,,,,,,,,,,,,,,,,,,,,,,,,,,,,,,,,,,,,