Name,State,year,District,Party,Amount,first_amount,second_amount
"Representative Abraham, Ralph Lee",Louisiana,House: 2015-Present,5,Republican,3000.00,2000,1000
"Representative Adams, Alma S.",North Carolina,House: 2014-Present,12,Democratic,12000.00,7000,5000
"Representative Aderholt, Robert B.",Alabama,House: 1997-Present,4,Republican,90000.00,42000,48000
"Representative Aguilar, Pete",California,House: 2015-Present,31,Democratic,44000.00,13500,30500
"Senator Alexander, Lamar",Tennessee,Senate: 2003-Present,,Republican,287000.00,140500,146500
"Representative Allen, Rick W.",Georgia,House: 2015-Present,12,Republican,2000.00,1000,1000
"Representative Allred, Colin Z.",Texas,House: 2019-Present,32,Democratic,0.00,0,0
"Representative Amash, Justin",Michigan,House: 2011-Present,3,Republican,0.00,0,0
"Representative Amodei, Mark E.",Nevada,House: 2011-Present,2,Republican,2000.00,2000,0
"Representative Armstrong, Kelly",North Dakota,House: 2019-Present,,Republican,0.00,0,0
"Representative Arrington, Jodey C.",Texas,House: 2017-Present,19,Republican,3000.00,,3000
"Representative Ashford, Brad",Nebraska,House: 2015-2017,2,Democratic,0.00,0,0
"Representative Axne, Cynthia",Iowa,House: 2019-Present,3,Democratic,0.00,0,0
"Senator Ayotte, Kelly",New Hampshire,Senate: 2011-2017,,Republican,0.00,0,0
"Representative Babin, Brian",Texas,House: 2015-Present,36,Republican,1000.00,0,1000
"Representative Bacon, Don",Nebraska,House: 2017-Present,2,Republican,6000.00,0,6000
"Representative Baird, James R.",Indiana,House: 2019-Present,4,Republican,0.00,0,0
"Representative Balderson, Troy",Ohio,House: 2018-Present,12,Republican,0.00,0,0
"Senator Baldwin, Tammy",Wisconsin,Senate: 2013-Present | House: 1999-2013,,Democratic,16196.00,11696,4500
"Representative Banks, Jim",Indiana,House: 2017-Present,3,Republican,18000.00,0,18000
"Representative Barletta, Lou",Pennsylvania,House: 2011-2019,11,Republican,9500.00,7000,2500
"Representative Barr, Andy",Kentucky,House: 2013-Present,6,Republican,33000.00,13500,19500
"Representative Barragan, Nanette Diaz",California,House: 2017-Present,44,Democratic,5000.00,0,5000
"Senator Barrasso, John",Wyoming,Senate: 2007-Present,,Republican,264000.00,92000,172000
"Representative Barton, Joe",Texas,House: 1985-2019,6,Republican,44000.00,34000,10000
"Representative Bass, Karen",California,House: 2011-Present,37,Democratic,15500.00,2500,13000
"Representative Beatty, Joyce",Ohio,House: 2013-Present,3,Democratic,21500.00,12000,9500
"Representative Becerra, Xavier",California,House: 1993-2017,34,Democratic,0.00,0,0
"Representative Benishek, Dan",Michigan,House: 2011-2017,1,Republican,0.00,0,0
"Senator Bennet, Michael F.",Colorado,Senate: 2009-Present,,Democratic,285500.00,203500,82000
"Representative Bera, Ami",California,House: 2013-Present,7,Democratic,131000.00,56000,75000
"Representative Bergman, Jack",Michigan,House: 2017-Present,1,Republican,5500.00,0,5500
"Representative Beyer, Donald S., Jr.",Virginia,House: 2015-Present,8,Democratic,28000.00,15500,12500
"Representative Biggs, Andy",Arizona,House: 2017-Present,5,Republican,1000.00,0,1000
"Representative Bilirakis, Gus M.",Florida,House: 2007-Present,12,Republican,87500.00,46000,41500
"Representative Bishop, Mike",Michigan,House: 2015-2019,8,Republican,66000.00,10000,56000
"Representative Bishop, Rob",Utah,House: 2003-Present,1,Republican,12000.00,7000,5000
"Representative Bishop, Sanford D., Jr.",Georgia,House: 1993-Present,2,Democratic,4500.00,3500,1000
"Representative Black, Diane",Tennessee,House: 2011-2019,6,Republican,100000.00,68500,31500
"Senator Blackburn, Marsha",Tennessee,Senate: 2019-Present | House: 2003-2019,,Republican,165000.00,81000,84000
"Representative Blum, Rod",Iowa,House: 2015-2019,1,Republican,3000.00,2000,1000
"Representative Blumenauer, Earl",Oregon,House: 1995-Present,3,Democratic,12500.00,7500,5000
"Senator Blumenthal, Richard",Connecticut,Senate: 2011-Present,,Democratic,69500.00,56500,13000
"Representative Blunt Rochester, Lisa",Delaware,House: 2017-Present,,Democratic,25000.00,0,25000
"Senator Blunt, Roy",Missouri,Senate: 2011-Present | House: 1997-2011,,Republican,340500.00,194000,146500
"Representative Boehner, John A.",Ohio,House: 1991-2015,8,Republican,0.00,0,0
"Representative Bonamici, Suzanne",Oregon,House: 2012-Present,1,Democratic,24500.00,15000,9500
"Senator Booker, Cory A.",New Jersey,Senate: 2013-Present,,Democratic,84500.00,84500,0
"Senator Boozman, John",Arkansas,Senate: 2011-Present | House: 2001-2011,,Republican,53000.00,47500,5500
"Representative Bordallo, Madeleine Z.",Guam,House: 2003-2019,,Democratic,0.00,0,0
"Representative Bost, Mike",Illinois,House: 2015-Present,12,Republican,28500.00,11000,17500
"Representative Boustany, Charles W., Jr.",Louisiana,House: 2005-2017,3,Republican,0.00,0,0
"Senator Boxer, Barbara",California,Senate: 1993-2017 | House: 1983-1993,,Democratic,0.00,0,0
"Representative Boyle, Brendan F.",Pennsylvania,House: 2015-Present,2,Democratic,79000.00,31000,48000
"Representative Brady, Kevin",Texas,House: 1997-Present,8,Republican,391700.00,195700,196000
"Representative Brady, Robert A.",Pennsylvania,House: 1997-2019,1,Democratic,0.00,0,0
"Representative Brat, Dave",Virginia,House: 2014-2019,7,Republican,0.00,0,0
"Senator Braun, Mike ",Indiana,Senate: 2019-Present,,Republican,0.00,0,0
"Representative Bridenstine, Jim",Oklahoma,House: 2013-2018,1,Republican,0.00,0,0
"Representative Brindisi, Anthony",New York,House: 2019-Present,22,Democratic,0.00,0,0
"Representative Brooks, Mo",Alabama,House: 2011-Present,5,Republican,6000.00,6000,0
"Representative Brooks, Susan W.",Indiana,House: 2013-Present,5,Republican,142500.00,65000,77500
"Representative Brown, Anthony G.",Maryland,House: 2017-Present,4,Democratic,18500.00,0,18500
"Representative Brown, Corrine",Florida,House: 1993-2017,5,Democratic,0.00,0,0
"Senator Brown, Sherrod",Ohio,Senate: 2007-Present | House: 1993-2007,,Democratic,0.00,0,0
"Representative Brownley, Julia",California,House: 2013-Present,26,Democratic,24000.00,11000,13000
"Representative Buchanan, Vern",Florida,House: 2007-Present,16,Republican,30500.00,15000,15500
"Representative Buck, Ken",Colorado,House: 2015-Present,4,Republican,1000.00,1000,0
"Representative Bucshon, Larry",Indiana,House: 2011-Present,8,Republican,161500.00,64000,97500
"Representative Budd, Ted",North Carolina,House: 2017-Present,13,Republican,0.00,0,0
"Representative Burchett, Tim",Tennessee,House: 2019-Present,2,Republican,0.00,0,0
"Representative Burgess, Michael C.",Texas,House: 2003-Present,26,Republican,278392.00,124700,153692
"Senator Burr, Richard",North Carolina,Senate: 2005-Present | House: 1995-2005,,Republican,366599.00,280099,86500
"Representative Bustos, Cheri",Illinois,House: 2013-Present,17,Democratic,86500.00,24500,62000
"Representative Butterfield, G. K.",North Carolina,House: 2004-Present,1,Democratic,151900.00,"87,900",64000
"Representative Byrne, Bradley",Alabama,House: 2014-Present,1,Republican,4000.00,3000,1000
"Representative Calvert, Ken",California,House: 1993-Present,42,Republican,4500.00,2000,2500
"Senator Cantwell, Maria",Washington,Senate: 2001-Present | House: 1993-1995,,Democratic,0.00,0,0
"Senator Capito, Shelley Moore",West Virginia,Senate: 2015-Present | House: 2001-2015,,Republican,35500.00,17000,18500
"Representative Capps, Lois",California,House: 1997-2017,24,Democratic,0.00,0,0
"Representative Capuano, Michael E.",Massachusetts,House: 1999-2019,7,Democratic,0.00,0,0
"Representative Carbajal, Salud O.",California,House: 2017-Present,24,Democratic,7000.00,0,7000
"Representative Cardenas, Tony",California,House: 2013-Present,29,Democratic,168500.00,84000,84500
"Senator Cardin, Benjamin L.",Maryland,Senate: 2007-Present | House: 1987-2007,,Democratic,37000.00,18000,19000
"Representative Carney, John C., Jr.",Delaware,House: 2011-2017,,Democratic,0.00,0,0
"Senator Carper, Thomas R.",Delaware,Senate: 2001-Present | House: 1983-1993,,Democratic,247200.00,105500,141700
"Representative Carson, Andre",Indiana,House: 2008-Present,7,Democratic,31000.00,17000,14000
"Representative Carter, Earl L. ""Buddy""",Georgia,House: 2015-Present,1,Republican,85000.00,15000,70000
"Representative Carter, John R.",Texas,House: 2003-Present,31,Republican,1000.00,1000,0
"Representative Cartwright, Matt",Pennsylvania,House: 2013-Present,8,Democratic,11000.00,3500,7500
"Representative Case, Ed",Hawaii,"House: 2002-2007, 2019-Present",1,Democratic,0.00,0,0
"Senator Casey, Robert P., Jr.",Pennsylvania,Senate: 2007-Present,,Democratic,264700.00,118700,146000
"Senator Cassidy, Bill",Louisiana,Senate: 2015-Present | House: 2009-2015,,Republican,234000.00,106000,128000
"Representative Casten, Sean",Illinois,House: 2019-Present,6,Democratic,0.00,0,0
"Representative Castor, Kathy",Florida,House: 2007-Present,14,Democratic,9000.00,4000,5000
"Representative Castro, Joaquin",Texas,House: 2013-Present,20,Democratic,17500.00,11500,6000
"Representative Chabot, Steve",Ohio,"House: 1995-2009, 2011-Present",1,Republican,4574.00,2000,2574
"Representative Chaffetz, Jason",Utah,House: 2009-2017,3,Republican,0.00,0,0
"Representative Cheney, Liz",Wyoming,House: 2017-Present,,Republican,0.00,0,0
"Representative Chu, Judy",California,House: 2009-Present,27,Democratic,3000.00,2000,1000
"Representative Cicilline, David N.",Rhode Island,House: 2011-Present,1,Democratic,2500.00,1500,1000
"Representative Cisneros, Gilbert Ray, Jr.",California,House: 2019-Present,39,Democratic,0.00,0,0
"Representative Clark, Katherine M.",Massachusetts,House: 2013-Present,5,Democratic,129250.00,73500,55750
"Representative Clarke, Yvette D.",New York,House: 2007-Present,9,Democratic,41000.00,11500,29500
"Representative Clawson, Curt",Florida,House: 2014-2017,19,Republican,0.00,0,0
"Representative Clay, Wm. Lacy",Missouri,House: 2001-Present,1,Democratic,15000.00,10000,5000
"Representative Cleaver, Emanuel",Missouri,House: 2005-Present,5,Democratic,5500.00,5500,0
"Representative Cline, Ben",Virginia,House: 2019-Present,6,Republican,0.00,0,0
"Representative Cloud, Michael",Texas,House: 2018-Present,27,Republican,0.00,0,0
"Representative Clyburn, James E.",South Carolina,House: 1993-Present,6,Democratic,328762.00,158762,170000
"Senator Coats, Daniel",Indiana,"Senate: 1989-1999, 2011-2017 | House: 1981-1989",,Republican,0.00,0,0
"Senator Cochran, Thad",Mississippi,Senate: 1979-2018 | House: 1973-1979,,Republican,0.00,0,0
"Representative Coffman, Mike",Colorado,House: 2009-2019,6,Republican,0.00,0,0
"Representative Cohen, Steve",Tennessee,House: 2007-Present,9,Democratic,0.00,0,0
"Representative Cole, Tom",Oklahoma,House: 2003-Present,4,Republican,74500.00,36500,38000
"Representative Collins, Chris",New York,House: 2013-Present,27,Republican,115000.00,73000,42000
"Representative Collins, Doug",Georgia,House: 2013-Present,9,Republican,39500.00,15000,24500
"Senator Collins, Susan M.",Maine,Senate: 1997-Present,,Republican,14500.00,4500,10000
"Representative Comer, James",Kentucky,House: 2016-Present,1,Republican,15250.00,12500,2750
"Representative Comstock, Barbara",Virginia,House: 2015-2019,10,Republican,23000.00,7000,16000
"Representative Conaway, K. Michael",Texas,House: 2005-Present,11,Republican,28500.00,15000,13500
"Representative Connolly, Gerald E.",Virginia,House: 2009-Present,11,Democratic,47000.00,26500,20500
"Representative Conyers, John, Jr.",Michigan,House: 1965-2017,13,Democratic,0.00,0,0
"Representative Cook, Paul",California,House: 2013-Present,8,Republican,2000.00,1000,1000
"Senator Coons, Christopher A.",Delaware,Senate: 2010-Present,,Democratic,226000.00,122000,104000
"Representative Cooper, Jim",Tennessee,"House: 1983-1995, 2003-Present",5,Democratic,1000.00,0,1000
"Senator Corker, Bob",Tennessee,Senate: 2007-2019,,Republican,63500.00,41500,22000
"Senator Cornyn, John",Texas,Senate: 2002-Present,,Republican,223000.00,100000,123000
"Representative Correa, J. Luis",California,House: 2017-Present,46,Democratic,22000.00,0,22000
"Senator Cortez Masto, Catherine ",Nevada,Senate: 2017-Present,,Democratic,27500.00,0,27500
"Representative Costa, Jim",California,House: 2005-Present,16,Democratic,12500.00,9000,3500
"Representative Costello, Ryan A.",Pennsylvania,House: 2015-2019,6,Republican,0.00,0,0
"Senator Cotton, Tom",Arkansas,Senate: 2015-Present | House: 2013-2015,,Republican,1000.00,1000,0
"Representative Courtney, Joe",Connecticut,House: 2007-Present,2,Democratic,25900.00,25900,0
"Representative Cox, TJ",California,House: 2019-Present,21,Democratic,0.00,0,0
"Representative Craig, Angie",Minnesota,House: 2019-Present,2,Democratic,0.00,0,0
"Senator Cramer, Kevin",North Dakota,Senate: 2019-Present | House: 2013-2019,,Republican,36500.00,22500,14000
"Senator Crapo, Mike",Idaho,Senate: 1999-Present | House: 1993-1999,,Republican,239500.00,130000,109500
"Representative Crawford, Eric A. ""Rick""",Arkansas,House: 2011-Present,1,Republican,2500.00,2500,0
"Representative Crenshaw, Ander",Florida,House: 2001-2017,4,Republican,0.00,0,0
"Representative Crenshaw, Dan",Texas,House: 2019-Present,2,Republican,0.00,0,0
"Representative Crist, Charlie",Florida,House: 2017-Present,13,Democratic,3000.00,0,3000
"Representative Crow, Jason",Colorado,House: 2019-Present,6,Democratic,0.00,0,0
"Representative Crowley, Joseph",New York,House: 1999-2019,14,Democratic,0.00,0,0
"Senator Cruz, Ted",Texas,Senate: 2013-Present,,Republican,5500.00,0,5500
"Representative Cuellar, Henry",Texas,House: 2005-Present,28,Democratic,1000.00,0,1000
"Representative Culberson, John Abney",Texas,House: 2001-2019,7,Republican,0.00,0,0
"Representative Cummings, Elijah E.",Maryland,House: 1995-Present,7,Democratic,3000.00,2000,1000
"Representative Cunningham, Joe",South Carolina,House: 2019-Present,1,Democratic,0.00,0,0
"Representative Curbelo, Carlos",Florida,House: 2015-2019,26,Republican,0.00,0,0
"Representative Curtis, John R.",Utah,House: 2017-Present,3,Republican,0.00,0,0
"Senator Daines, Steve",Montana,Senate: 2015-Present | House: 2013-2015,,Republican,29500.00,15000,14500
"Representative Davids, Sharice",Kansas,House: 2019-Present,3,Democratic,0.00,0,0
"Representative Davidson, Warren",Ohio,House: 2016-Present,8,Republican,0.00,0,0
"Representative Davis, Danny K.",Illinois,House: 1997-Present,7,Democratic,43500.00,35500,8000
"Representative Davis, Rodney",Illinois,House: 2013-Present,13,Republican,110900.00,49200,61700
"Representative Davis, Susan A.",California,House: 2001-Present,53,Democratic,5000.00,4000,1000
"Representative Dean, Madeleine",Pennsylvania,House: 2019-Present,4,Democratic,0.00,0,0
"Representative DeFazio, Peter A.",Oregon,House: 1987-Present,4,Democratic,0.00,0,0
"Representative DeGette, Diana",Colorado,House: 1997-Present,1,Democratic,195000.00,105000,90000
"Representative Delaney, John K.",Maryland,House: 2013-2019,6,Democratic,10000.00,9500,500
"Representative DeLauro, Rosa L.",Connecticut,House: 1991-Present,3,Democratic,16000.00,7000,9000
"Representative DelBene, Suzan K.",Washington,House: 2012-Present,1,Democratic,83436.00,27736,55700
"Representative Delgado, Antonio",New York,House: 2019-Present,19,Democratic,0.00,0,0
"Representative Demings, Val Butler",Florida,House: 2017-Present,10,Democratic,11500.00,0,11500
"Representative Denham, Jeff",California,House: 2011-2019,10,Republican,58000.00,24500,33500
"Representative Dent, Charles W.",Pennsylvania,House: 2005-2018,15,Republican,0.00,0,0
"Representative DeSantis, Ron",Florida,House: 2013-2018,6,Republican,0.00,0,0
"Representative DeSaulnier, Mark",California,House: 2015-Present,11,Democratic,500.00,500,0
"Representative DesJarlais, Scott",Tennessee,House: 2011-Present,4,Republican,0.00,0,0
"Representative Deutch, Theodore E.",Florida,House: 2010-Present,22,Democratic,3000.00,3000,0
"Representative Diaz-Balart, Mario",Florida,House: 2003-Present,25,Republican,8000.00,6500,1500
"Representative Dingell, Debbie",Michigan,House: 2015-Present,12,Democratic,31000.00,15000,16000
"Representative Doggett, Lloyd",Texas,House: 1995-Present,35,Democratic,0.00,0,0
"Representative Dold, Robert J.",Illinois,"House: 2011-2013, 2015-2017",10,Republican,0.00,0,0
"Senator Donnelly, Joe",Indiana,Senate: 2013-2019 | House: 2007-2013,,Democratic,0.00,0,0
"Representative Donovan, Daniel M., Jr.",New York,House: 2015-2019,11,Republican,0.00,0,0
"Representative Doyle, Michael F.",Pennsylvania,House: 1995-Present,18,Democratic,16000.00,8000,8000
"Senator Duckworth, Tammy",Illinois,Senate: 2017-Present | House: 2013-2017,,Democratic,32500.00,2000,30500
"Representative Duffy, Sean P.",Wisconsin,House: 2011-Present,7,Republican,51500.00,18500,33000
"Representative Duncan, Jeff",South Carolina,House: 2011-Present,3,Republican,13000.00,0,13000
"Representative Duncan, John J., Jr.",Tennessee,House: 1987-2019,2,Republican,0.00,0,0
"Representative Dunn, Neal P.",Florida,House: 2017-Present,2,Republican,15000.00,0,15000
"Senator Durbin, Richard J.",Illinois,Senate: 1997-Present | House: 1983-1997,,Democratic,14000.00,8500,5500
"Representative Edwards, Donna F.",Maryland,House: 2008-2017,4,Democratic,0.00,0,0
"Representative Ellison, Keith",Minnesota,House: 2007-2019,5,Democratic,0.00,0,0
"Representative Ellmers, Renee L.",North Carolina,House: 2011-2017,2,Republican,0.00,0,0
"Representative Emmer, Tom",Minnesota,House: 2015-Present,6,Republican,3500.00,3500,0
"Representative Engel, Eliot L.",New York,House: 1989-Present,16,Democratic,52500.00,35000,17500
"Senator Enzi, Michael B.",Wyoming,Senate: 1997-Present,,Republican,96500.00,,96500
"Senator Ernst, Joni ",Iowa,Senate: 2015-Present,,Republican,4500.00,3000,1500
"Representative Escobar, Veronica",Texas,House: 2019-Present,16,Democratic,0.00,0,0
"Representative Eshoo, Anna G.",California,House: 1993-Present,18,Democratic,206100.00,108100,98000
"Representative Espaillat, Adriano",New York,House: 2017-Present,13,Democratic,2000.00,0,2000
"Representative Estes, Ron",Kansas,House: 2017-Present,4,Republican,0.00,0,0
"Representative Esty, Elizabeth H.",Connecticut,House: 2013-2019,5,Democratic,0.00,0,0
"Representative Evans, Dwight",Pennsylvania,House: 2016-Present,3,Democratic,9000.00,3000,6000
"Representative Farenthold, Blake",Texas,House: 2011-2018,27,Republican,0.00,0,0
"Representative Farr, Sam",California,House: 1993-2017,20,Democratic,0.00,0,0
"Representative Faso, John J.",New York,House: 2017-2019,19,Republican,0.00,0,0
"Representative Fattah, Chaka",Pennsylvania,House: 1995-2016,2,Democratic,0.00,0,0
"Senator Feinstein, Dianne",California,Senate: 1992-Present,,Democratic,72000.00,35000,37000
"Representative Ferguson, A. Drew, IV",Georgia,House: 2017-Present,3,Republican,3500.00,0,3500
"Representative Fincher, Stephen Lee",Tennessee,House: 2011-2017,8,Republican,0.00,0,0
"Representative Finkenauer, Abby",Iowa,House: 2019-Present,1,Democratic,0.00,0,0
"Senator Fischer, Deb",Nebraska,Senate: 2013-Present,,Republican,69000.00,20000,49000
"Representative Fitzpatrick, Brian K.",Pennsylvania,House: 2017-Present,1,Republican,6000.00,0,6000
"Representative Fitzpatrick, Michael G.",Pennsylvania,"House: 2005-2007, 2011-2017",8,Republican,0.00,0,0
"Senator Flake, Jeff",Arizona,Senate: 2013-2019 | House: 2001-2013,,Republican,44000.00,35500,8500
"Representative Fleischmann, Charles J. ""Chuck""",Tennessee,House: 2011-Present,3,Republican,0.00,0,0
"Representative Fleming, John",Louisiana,House: 2009-2017,4,Republican,0.00,0,0
"Representative Fletcher, Lizzie",Texas,House: 2019-Present,7,Democratic,0.00,0,0
"Representative Flores, Bill",Texas,House: 2011-Present,17,Republican,77362.00,32500,44862
"Representative Forbes, J. Randy",Virginia,House: 2001-2017,4,Republican,0.00,0,0
"Representative Fortenberry, Jeff",Nebraska,House: 2005-Present,1,Republican,500.00,0,500
"Representative Foster, Bill",Illinois,"House: 2008-2011, 2013-Present",11,Democratic,24000.00,7500,16500
"Representative Foxx, Virginia",North Carolina,House: 2005-Present,5,Republican,13500.00,8000,5500
"Representative Frankel, Lois",Florida,House: 2013-Present,21,Democratic,4000.00,4000,0
"Senator Franken, Al",Minnesota,Senate: 2009-2018,,Democratic,0.00,0,0
"Representative Franks, Trent",Arizona,House: 2003-2017,8,Republican,0.00,0,0
"Representative Frelinghuysen, Rodney P.",New Jersey,House: 1995-2019,11,Republican,152500.00,106000,46500
"Representative Fudge, Marcia L.",Ohio,House: 2008-Present,11,Democratic,35500.00,24000,11500
"Representative Fulcher, Russ",Idaho,House: 2019-Present,1,Republican,0.00,0,0
"Representative Gabbard, Tulsi",Hawaii,House: 2013-Present,2,Democratic,0.00,0,0
"Representative Gaetz, Matt",Florida,House: 2017-Present,1,Republican,2000.00,0,2000
"Representative Gallagher, Mike",Wisconsin,House: 2017-Present,8,Republican,2000.00,0,2000
"Representative Gallego, Ruben",Arizona,House: 2015-Present,7,Democratic,12000.00,10000,2000
"Representative Garamendi, John",California,House: 2009-Present,3,Democratic,2000.00,2000,0
"Representative Garcia, Jesus G. ""Chuy""",Illinois,House: 2019-Present,4,Democratic,0.00,0,0
"Representative Garcia, Sylvia R.",Texas,House: 2019-Present,29,Democratic,0.00,0,0
"Senator Gardner, Cory",Colorado,Senate: 2015-Present | House: 2011-2015,,Republican,159500.00,57000,102500
"Representative Garrett, Scott",New Jersey,House: 2003-2017,5,Republican,0.00,0,0
"Representative Garrett, Thomas A., Jr.",Virginia,House: 2017-2019,5,Republican,0.00,0,0
"Representative Gianforte, Greg",Montana,House: 2017-Present,,Republican,0.00,0,0
"Representative Gibbs, Bob",Ohio,House: 2011-Present,7,Republican,5000.00,5000,0
"Representative Gibson, Christopher P.",New York,House: 2011-2017,19,Republican,0.00,0,0
"Senator Gillibrand, Kirsten E.",New York,Senate: 2009-Present | House: 2007-2009,,Democratic,21500.00,12000,9500
"Representative Gohmert, Louie",Texas,House: 2005-Present,1,Republican,0.00,0,0
"Representative Golden, Jared F.",Maine,House: 2019-Present,2,Democratic,0.00,0,0
"Representative Gomez, Jimmy",California,House: 2017-Present,34,Democratic,10500.00,0,10500
"Representative Gonzalez, Anthony",Ohio,House: 2019-Present,16,Republican,0.00,0,0
"Representative Gonzalez, Vicente",Texas,House: 2017-Present,15,Democratic,2000.00,0,2000
"Representative Gonzalez-Colon, Jenniffer",Puerto Rico,House: 2017-Present,,Republican,0.00,0,0
"Representative Gooden, Lance",Texas,House: 2019-Present,5,Republican,0.00,0,0
"Representative Goodlatte, Bob",Virginia,House: 1993-2019,6,Republican,22500.00,16500,6000
"Representative Gosar, Paul A.",Arizona,House: 2011-Present,4,Republican,0.00,0,0
"Representative Gottheimer, Josh",New Jersey,House: 2017-Present,5,Democratic,31500.00,0,31500
"Representative Gowdy, Trey",South Carolina,House: 2011-2019,4,Republican,5500.00,3000,2500
"Representative Graham, Gwen",Florida,House: 2015-2017,2,Democratic,0.00,0,0
"Senator Graham, Lindsey",South Carolina,Senate: 2003-Present | House: 1995-2003,,Republican,2000.00,0,2000
"Representative Granger, Kay",Texas,House: 1997-Present,12,Republican,15500.00,0,15500
"Senator Grassley, Chuck",Iowa,Senate: 1981-Present | House: 1975-1981,,Republican,77000.00,63500,13500
"Representative Graves, Garret",Louisiana,House: 2015-Present,6,Republican,0.00,0,0
"Representative Graves, Sam",Missouri,House: 2001-Present,6,Republican,19000.00,14500,4500
"Representative Graves, Tom",Georgia,House: 2010-Present,14,Republican,8500.00,2500,6000
"Representative Grayson, Alan",Florida,"House: 2009-2011, 2013-2017",9,Democratic,0.00,0,0
"Representative Green, Al",Texas,House: 2005-Present,9,Democratic,0.00,0,0
"Representative Green, Gene",Texas,House: 1993-2019,29,Democratic,162500.00,109000,53500
"Representative Green, Mark E.",Tennessee,House: 2019-Present,7,Republican,0.00,0,0
"Representative Griffith, H. Morgan",Virginia,House: 2011-Present,9,Republican,58000.00,15000,43000
"Representative Grijalva, Raul M.",Arizona,House: 2003-Present,3,Democratic,0.00,0,0
"Representative Grothman, Glenn",Wisconsin,House: 2015-Present,6,Republican,1000.00,0,1000
"Representative Guest, Michael",Mississippi,House: 2019-Present,3,Republican,0.00,0,0
"Representative Guinta, Frank C.",New Hampshire,"House: 2011-2013, 2015-2017",1,Republican,0.00,0,0
"Representative Guthrie, Brett",Kentucky,House: 2009-Present,2,Republican,151800.00,,151800
"Representative Gutierrez, Luis V.",Illinois,House: 1993-2019,4,Democratic,0.00,0,0
"Representative Haaland, Debra A.",New Mexico,House: 2019-Present,1,Democratic,0.00,0,0
"Representative Hagedorn, Jim",Minnesota,House: 2019-Present,1,Republican,0.00,0,0
"Representative Hahn, Janice",California,House: 2011-2017,44,Democratic,0.00,0,0
"Representative Hanabusa, Colleen",Hawaii,House: 2011-2019,1,Democratic,0.00,0,0
"Representative Handel, Karen C.",Georgia,House: 2017-2019,6,Republican,0.00,0,0
"Representative Hanna, Richard L.",New York,House: 2011-2017,22,Republican,0.00,0,0
"Representative Harder, Josh",California,House: 2019-Present,10,Democratic,0.00,0,0
"Representative Hardy, Cresent",Nevada,House: 2015-2017,4,Republican,0.00,0,0
"Representative Harper, Gregg",Mississippi,House: 2009-2019,3,Republican,0.00,0,0
"Representative Harris, Andy",Maryland,House: 2011-Present,1,Republican,51500.00,18500,33000
"Senator Harris, Kamala D.",California,Senate: 2017-Present,,Democratic,0.00,0,0
"Representative Hartzler, Vicky",Missouri,House: 2011-Present,4,Republican,7500.00,3000,4500
"Senator Hassan, Margaret Wood",New Hampshire,Senate: 2017-Present,,Democratic,8000.00,0,8000
"Representative Hastings, Alcee L.",Florida,House: 1993-Present,20,Democratic,4000.00,2000,2000
"Senator Hatch, Orrin G.",Utah,Senate: 1977-2019,,Republican,250400.00,169100,81300
"Senator Hawley, Josh ",Missouri,Senate: 2019-Present,,Republican,0.00,0,0
"Representative Hayes, Jahana",Connecticut,House: 2019-Present,5,Democratic,0.00,0,0
"Representative Heck, Denny",Washington,House: 2013-Present,10,Democratic,24000.00,13500,10500
"Representative Heck, Joseph J.",Nevada,House: 2011-2017,3,Republican,0.00,0,0
"Senator Heinrich, Martin",New Mexico,Senate: 2013-Present | House: 2009-2013,,Democratic,139500.00,61000,78500
"Senator Heitkamp, Heidi",North Dakota,Senate: 2013-2019,,Democratic,139500.00,,139500
"Senator Heller, Dean",Nevada,Senate: 2011-2019 | House: 2007-2011,,Republican,0.00,0,0
"Representative Hensarling, Jeb",Texas,House: 2003-2019,5,Republican,0.00,0,0
"Representative Hern, Kevin",Oklahoma,House: 2018-Present,1,Republican,0.00,0,0
"Representative Herrera Beutler, Jaime",Washington,House: 2011-Present,3,Republican,1000.00,0,1000
"Representative Hice, Jody B.",Georgia,House: 2015-Present,10,Republican,1000.00,1000,0
"Representative Higgins, Brian",New York,House: 2005-Present,26,Democratic,14500.00,0,14500
"Representative Higgins, Clay",Louisiana,House: 2017-Present,3,Republican,0.00,0,0
"Representative Hill, J. French",Arkansas,House: 2015-Present,2,Republican,7000.00,3500,3500
"Representative Hill, Katie",California,House: 2019-Present,25,Democratic,0.00,0,0
"Representative Himes, James A.",Connecticut,House: 2009-Present,4,Democratic,74000.00,39000,35000
"Representative Hinojosa, Ruben",Texas,House: 1997-2017,15,Democratic,0.00,0,0
"Senator Hirono, Mazie K.",Hawaii,Senate: 2013-Present | House: 2007-2013,,Democratic,55500.00,28500,27000
"Senator Hoeven, John",North Dakota,Senate: 2011-Present,,Republican,58500.00,31000,27500
"Representative Holding, George",North Carolina,House: 2013-Present,2,Republican,169426.00,72000,97426
"Representative Hollingsworth, Trey",Indiana,House: 2017-Present,9,Republican,14000.00,0,14000
"Representative Honda, Michael M.",California,House: 2001-2017,17,Democratic,0.00,0,0
"Representative Horn, Kendra S.",Oklahoma,House: 2019-Present,5,Democratic,0.00,0,0
"Representative Horsford, Steven",Nevada,"House: 2013-2015, 2019-Present",4,Democratic,0.00,0,0
"Representative Houlahan, Chrissy",Pennsylvania,House: 2019-Present,6,Democratic,0.00,0,0
"Representative Hoyer, Steny H.",Maryland,House: 1981-Present,5,Democratic,274750.00,146000,128750
"Representative Hudson, Richard",North Carolina,House: 2013-Present,8,Republican,143500.00,67000,76500
"Representative Huelskamp, Tim",Kansas,House: 2011-2017,1,Republican,0.00,0,0
"Representative Huffman, Jared",California,House: 2013-Present,2,Democratic,11900.00,5400,6500
"Representative Huizenga, Bill",Michigan,House: 2011-Present,2,Republican,2500.00,2500,0
"Representative Hultgren, Randy",Illinois,House: 2011-2019,14,Republican,0.00,0,0
"Representative Hunter, Duncan D.",California,House: 2009-Present,50,Republican,5000.00,2500,2500
"Representative Hurd, Will",Texas,House: 2015-Present,23,Republican,20000.00,6500,13500
"Representative Hurt, Robert",Virginia,House: 2011-2017,5,Republican,0.00,0,0
"Senator Hyde-Smith, Cindy",Mississippi,Senate: 2018-Present,,Republican,0.00,0,0
"Senator Inhofe, James M.",Oklahoma,Senate: 1994-Present | House: 1987-1995,,Republican,18500.00,7500,11000
"Senator Isakson, Johnny",Georgia,Senate: 2005-Present | House: 1999-2005,,Republican,243700.00,149200,94500
"Representative Israel, Steve",New York,House: 2001-2017,3,Democratic,0.00,0,0
"Representative Issa, Darrell E.",California,House: 2001-2019,49,Republican,0.00,0,0
"Representative Jackson Lee, Sheila",Texas,House: 1995-Present,18,Democratic,3500.00,3500,0
"Representative Jayapal, Pramila",Washington,House: 2017-Present,7,Democratic,0.00,0,0
"Representative Jeffries, Hakeem S.",New York,House: 2013-Present,8,Democratic,20500.00,7500,13000
"Representative Jenkins, Evan H.",West Virginia,House: 2015-2018,3,Republican,0.00,0,0
"Representative Jenkins, Lynn",Kansas,House: 2009-2019,2,Republican,0.00,0,0
"Representative Johnson, Bill",Ohio,House: 2011-Present,6,Republican,38500.00,22500,16000
"Representative Johnson, Dusty",South Dakota,House: 2019-Present,,Republican,0.00,0,0
"Representative Johnson, Eddie Bernice",Texas,House: 1993-Present,30,Democratic,2500.00,1500,1000
"Representative Johnson, Henry C. ""Hank,"" Jr.",Georgia,House: 2007-Present,4,Democratic,16500.00,10500,6000
"Representative Johnson, Mike",Louisiana,House: 2017-Present,4,Republican,1000.00,0,1000
"Senator Johnson, Ron",Wisconsin,Senate: 2011-Present,,Republican,43000.00,37000,6000
"Representative Johnson, Sam",Texas,House: 1991-2019,3,Republican,0.00,0,0
"Representative Jolly, David W.",Florida,House: 2014-2017,13,Republican,0.00,0,0
"Representative Jones, Brenda",Michigan,House: 2018-2019,13,Democratic,0.00,0,0
"Senator Jones, Doug ",Alabama,Senate: 2018-Present,,Democratic,16000.00,0,16000
"Representative Jones, Walter B., Jr.",North Carolina,House: 1995-Present,3,Republican,1000.00,1000,0
"Representative Jordan, Jim",Ohio,House: 2007-Present,4,Republican,8500.00,5000,3500
"Representative Joyce, David P.",Ohio,House: 2013-Present,14,Republican,18000.00,8000,10000
"Representative Joyce, John",Pennsylvania,House: 2019-Present,13,Republican,0.00,0,0
"Senator Kaine, Tim",Virginia,Senate: 2013-Present,,Democratic,106000.00,32500,73500
"Representative Kaptur, Marcy",Ohio,House: 1983-Present,9,Democratic,0.00,0,0
"Representative Katko, John",New York,House: 2015-Present,24,Republican,38500.00,9500,29000
"Representative Keating, William R.",Massachusetts,House: 2011-Present,9,Democratic,28500.00,,28500
"Representative Keller, Fred",Pennsylvania,House: 2019-Present,12,Republican,0.00,0,0
"Representative Kelly, Mike",Pennsylvania,House: 2011-Present,16,Republican,124000.00,53000,71000
"Representative Kelly, Robin L.",Illinois,House: 2013-Present,2,Democratic,114500.00,51000,63500
"Representative Kelly, Trent",Mississippi,House: 2015-Present,1,Republican,1000.00,0,1000
"Senator Kennedy, John",Louisiana,Senate: 2017-Present,,Republican,11500.00,0,11500
"Representative Kennedy, Joseph P., III",Massachusetts,House: 2013-Present,4,Democratic,0.00,,
"Representative Khanna, Ro",California,House: 2017-Present,17,Democratic,0.00,,
"Representative Kihuen, Ruben J.",Nevada,House: 2017-2019,4,Democratic,0.00,0,0
"Representative Kildee, Daniel T.",Michigan,House: 2013-Present,5,Democratic,0.00,,
"Representative Kilmer, Derek",Washington,House: 2013-Present,6,Democratic,0.00,,
"Representative Kim, Andy",New Jersey,House: 2019-Present,3,Democratic,0.00,0,0
"Representative Kind, Ron",Wisconsin,House: 1997-Present,3,Democratic,0.00,,
"Senator King, Angus S., Jr.",Maine,Senate: 2013-Present,,Independent,0.00,,
"Representative King, Peter T.",New York,House: 1993-Present,2,Republican,0.00,,
"Representative King, Steve",Iowa,House: 2003-Present,4,Republican,0.00,,
"Representative Kinzinger, Adam",Illinois,House: 2011-Present,16,Republican,0.00,,
"Senator Kirk, Mark Steven",Illinois,Senate: 2010-2017 | House: 2001-2010,,Republican,0.00,,
"Representative Kirkpatrick, Ann",Arizona,"House: 2009-2011, 2013-2017, 2019-Present",2,Democratic,0.00,0,0
"Representative Kline, John",Minnesota,House: 2003-2017,2,Republican,0.00,0,0
"Senator Klobuchar, Amy",Minnesota,Senate: 2007-Present,,Democratic,0.00,,
"Representative Knight, Stephen",California,House: 2015-2019,25,Republican,0.00,0,0
"Representative Krishnamoorthi, Raja",Illinois,House: 2017-Present,8,Democratic,0.00,,
"Representative Kuster, Ann M.",New Hampshire,House: 2013-Present,2,Democratic,0.00,,
"Representative Kustoff, David",Tennessee,House: 2017-Present,8,Republican,0.00,,
"Senator Kyl, Jon",Arizona,"Senate: 1995-2013, 2018-2019 | House: 1987-1995",,Republican,0.00,0,0
"Representative Labrador, Raul R.",Idaho,House: 2011-2019,1,Republican,0.00,0,0
"Representative LaHood, Darin",Illinois,House: 2015-Present,18,Republican,0.00,,
"Representative LaMalfa, Doug",California,House: 2013-Present,1,Republican,0.00,,
"Representative Lamb, Conor",Pennsylvania,House: 2018-Present,17,Democratic,0.00,,
"Representative Lamborn, Doug",Colorado,House: 2007-Present,5,Republican,0.00,,
"Representative Lance, Leonard",New Jersey,House: 2009-2019,7,Republican,0.00,0,0
"Representative Langevin, James R.",Rhode Island,House: 2001-Present,2,Democratic,0.00,,
"Senator Lankford, James",Oklahoma,Senate: 2015-Present | House: 2011-2015,,Republican,0.00,,
"Representative Larsen, Rick",Washington,House: 2001-Present,2,Democratic,0.00,,
"Representative Larson, John B.",Connecticut,House: 1999-Present,1,Democratic,0.00,,
"Representative Latta, Robert E.",Ohio,House: 2007-Present,5,Republican,0.00,,
"Representative Lawrence, Brenda L.",Michigan,House: 2015-Present,14,Democratic,0.00,,
"Representative Lawson, Al, Jr.",Florida,House: 2017-Present,5,Democratic,0.00,,
"Senator Leahy, Patrick J.",Vermont,Senate: 1975-Present,,Democratic,0.00,,
"Representative Lee, Barbara",California,House: 1997-Present,13,Democratic,0.00,,
"Senator Lee, Mike",Utah,Senate: 2011-Present,,Republican,0.00,,
"Representative Lee, Susie",Nevada,House: 2019-Present,3,Democratic,0.00,0,0
"Representative Lesko, Debbie",Arizona,House: 2018-Present,8,Republican,0.00,,
"Representative Levin, Andy",Michigan,House: 2019-Present,9,Democratic,0.00,0,0
"Representative Levin, Mike",California,House: 2019-Present,49,Democratic,0.00,0,0
"Representative Levin, Sander M.",Michigan,House: 1983-2019,9,Democratic,0.00,0,0
"Representative Lewis, Jason",Minnesota,House: 2017-2019,2,Republican,0.00,0,0
"Representative Lewis, John",Georgia,House: 1987-Present,5,Democratic,0.00,,
"Representative Lieu, Ted",California,House: 2015-Present,33,Democratic,0.00,,
"Representative Lipinski, Daniel",Illinois,House: 2005-Present,3,Democratic,0.00,,
"Representative LoBiondo, Frank A.",New Jersey,House: 1995-2019,2,Republican,0.00,0,0
"Representative Loebsack, David",Iowa,House: 2007-Present,2,Democratic,0.00,,
"Representative Lofgren, Zoe",California,House: 1995-Present,19,Democratic,0.00,,
"Representative Long, Billy",Missouri,House: 2011-Present,7,Republican,0.00,,
"Representative Loudermilk, Barry",Georgia,House: 2015-Present,11,Republican,0.00,,
"Representative Love, Mia B.",Utah,House: 2015-2019,4,Republican,0.00,0,0
"Representative Lowenthal, Alan S.",California,House: 2013-Present,47,Democratic,0.00,,
"Representative Lowey, Nita M.",New York,House: 1989-Present,17,Democratic,0.00,,
"Representative Lucas, Frank D.",Oklahoma,House: 1993-Present,3,Republican,0.00,,
"Representative Luetkemeyer, Blaine",Missouri,House: 2009-Present,3,Republican,0.00,,
"Representative Lujan Grisham, Michelle",New Mexico,House: 2013-2019,1,Democratic,0.00,0,0
"Representative Lujan, Ben Ray",New Mexico,House: 2009-Present,3,Democratic,0.00,,
"Representative Lummis, Cynthia M.",Wyoming,House: 2009-2017,,Republican,0.00,0,0
"Representative Luria, Elaine G.",Virginia,House: 2019-Present,2,Democratic,0.00,,
"Representative Lynch, Stephen F.",Massachusetts,House: 2001-Present,8,Democratic,0.00,,
"Representative MacArthur, Thomas",New Jersey,House: 2015-2019,3,Republican,0.00,0,0
"Representative Malinowski, Tom",New Jersey,House: 2019-Present,7,Democratic,0.00,,
"Representative Maloney, Carolyn B.",New York,House: 1993-Present,12,Democratic,0.00,,
"Representative Maloney, Sean Patrick",New York,House: 2013-Present,18,Democratic,0.00,,
"Senator Manchin, Joe, III",West Virginia,Senate: 2010-Present,,Democratic,0.00,,
"Representative Marchant, Kenny",Texas,House: 2005-Present,24,Republican,0.00,,
"Representative Marino, Tom",Pennsylvania,House: 2011-2019,12,Republican,0.00,0,0
"Senator Markey, Edward J.",Massachusetts,Senate: 2013-Present | House: 1977-2013,,Democratic,0.00,,
"Representative Marshall, Roger W.",Kansas,House: 2017-Present,1,Republican,0.00,,
"Representative Massie, Thomas",Kentucky,House: 2012-Present,4,Republican,0.00,,
"Representative Mast, Brian J.",Florida,House: 2017-Present,18,Republican,0.00,,
"Representative Matsui, Doris O.",California,House: 2005-Present,6,Democratic,0.00,,
"Representative McAdams, Ben",Utah,House: 2019-Present,4,Democratic,0.00,0,0
"Representative McBath, Lucy",Georgia,House: 2019-Present,6,Democratic,0.00,,
"Senator McCain, John",Arizona,Senate: 1987-2018 | House: 1983-1987,,Republican,0.00,0,0
"Representative McCarthy, Kevin",California,House: 2007-Present,23,Republican,0.00,,
"Senator McCaskill, Claire",Missouri,Senate: 2007-2019,,Democratic,0.00,0,0
"Representative McCaul, Michael T.",Texas,House: 2005-Present,10,Republican,0.00,,
"Representative McClintock, Tom",California,House: 2009-Present,4,Republican,0.00,,
"Representative McCollum, Betty",Minnesota,House: 2001-Present,4,Democratic,0.00,,
"Senator McConnell, Mitch",Kentucky,Senate: 1985-Present,,Republican,0.00,,
"Representative McDermott, Jim",Washington,House: 1989-2017,7,Democratic,0.00,0,0
"Representative McEachin, A. Donald",Virginia,House: 2017-Present,4,Democratic,0.00,,
"Representative McGovern, James P.",Massachusetts,House: 1997-Present,2,Democratic,0.00,,
"Representative McHenry, Patrick T.",North Carolina,House: 2005-Present,10,Republican,0.00,,
"Representative McKinley, David B.",West Virginia,House: 2011-Present,1,Republican,0.00,,
"Representative McMorris Rodgers, Cathy",Washington,House: 2005-Present,5,Republican,0.00,,
"Representative McNerney, Jerry",California,House: 2007-Present,9,Democratic,0.00,,
"Senator McSally, Martha",Arizona,Senate: 2019-Present | House: 2015-2019,,Republican,0.00,0,0
"Representative Meadows, Mark",North Carolina,House: 2013-Present,11,Republican,0.00,,
"Representative Meehan, Patrick",Pennsylvania,House: 2011-2018,7,Republican,0.00,0,0
"Representative Meeks, Gregory W.",New York,House: 1997-Present,5,Democratic,0.00,,
"Senator Menendez, Robert",New Jersey,Senate: 2006-Present | House: 1993-2006,,Democratic,0.00,,
"Representative Meng, Grace",New York,House: 2013-Present,6,Democratic,0.00,,
"Senator Merkley, Jeff",Oregon,Senate: 2009-Present,,Democratic,0.00,,
"Representative Messer, Luke",Indiana,House: 2013-2019,6,Republican,0.00,0,0
"Representative Meuser, Daniel",Pennsylvania,House: 2019-Present,9,Republican,0.00,0,0
"Representative Mica, John L.",Florida,House: 1993-2017,7,Republican,0.00,0,0
"Senator Mikulski, Barbara A.",Maryland,Senate: 1987-2017 | House: 1977-1987,,Democratic,0.00,0,0
"Representative Miller, Candice S.",Michigan,House: 2003-2017,10,Republican,0.00,0,0
"Representative Miller, Carol D.",West Virginia,House: 2019-Present,3,Republican,0.00,0,0
"Representative Miller, Jeff",Florida,House: 2001-2017,1,Republican,0.00,0,0
"Representative Mitchell, Paul",Michigan,House: 2017-Present,10,Republican,0.00,,
"Representative Moolenaar, John R.",Michigan,House: 2015-Present,4,Republican,0.00,,
"Representative Mooney, Alexander X.",West Virginia,House: 2015-Present,2,Republican,0.00,,
"Representative Moore, Gwen",Wisconsin,House: 2005-Present,4,Democratic,0.00,,
"Senator Moran, Jerry",Kansas,Senate: 2011-Present | House: 1997-2011,,Republican,0.00,,
"Representative Morelle, Joseph D.",New York,House: 2018-Present,25,Democratic,0.00,,
"Representative Moulton, Seth",Massachusetts,House: 2015-Present,6,Democratic,0.00,,
"Representative Mucarsel-Powell, Debbie",Florida,House: 2019-Present,26,Democratic,0.00,0,0
"Representative Mullin, Markwayne",Oklahoma,House: 2013-Present,2,Republican,0.00,,
"Representative Mulvaney, Mick",South Carolina,House: 2011-2017,5,Republican,0.00,0,0
"Senator Murkowski, Lisa",Alaska,Senate: 2003-Present,,Republican,0.00,,
"Senator Murphy, Christopher",Connecticut,Senate: 2013-Present | House: 2007-2013,,Democratic,0.00,,
"Representative Murphy, Patrick",Florida,House: 2013-2017,18,Democratic,0.00,0,0
"Representative Murphy, Stephanie N.",Florida,House: 2017-Present,7,Democratic,0.00,,
"Representative Murphy, Tim",Pennsylvania,House: 2003-2017,18,Republican,0.00,0,0
"Senator Murray, Patty",Washington,Senate: 1993-Present,,Democratic,0.00,,
"Representative Nadler, Jerrold",New York,House: 1991-Present,10,Democratic,0.00,,
"Representative Napolitano, Grace F.",California,House: 1999-Present,32,Democratic,0.00,,
"Representative Neal, Richard E.",Massachusetts,House: 1989-Present,1,Democratic,0.00,,
"Representative Neguse, Joe",Colorado,House: 2019-Present,2,Democratic,0.00,0,0
"Senator Nelson, Bill",Florida,Senate: 2001-2019 | House: 1979-1991,,Democratic,0.00,0,0
"Representative Neugebauer, Randy",Texas,House: 2003-2017,19,Republican,0.00,0,0
"Representative Newhouse, Dan",Washington,House: 2015-Present,4,Republican,0.00,,
"Representative Noem, Kristi L.",South Dakota,House: 2011-2019,,Republican,0.00,0,0
"Representative Nolan, Richard M.",Minnesota,"House: 1975-1981, 2013-2019",8,Democratic,0.00,0,0
"Representative Norcross, Donald",New Jersey,House: 2014-Present,1,Democratic,0.00,,
"Representative Norman, Ralph",South Carolina,House: 2017-Present,5,Republican,0.00,,
"Representative Norton, Eleanor Holmes",District of Columbia,House: 1991-Present,,Democratic,0.00,,
"Representative Nugent, Richard B.",Florida,House: 2011-2017,11,Republican,0.00,0,0
"Representative Nunes, Devin",California,House: 2003-Present,22,Republican,0.00,,
"Representative Nunnelee, Alan",Mississippi,House: 2011-2015,1,Republican,0.00,,
"Representative O'Halleran, Tom",Arizona,House: 2017-Present,1,Democratic,0.00,,
"Representative O'Rourke, Beto",Texas,House: 2013-2019,16,Democratic,0.00,0,0
"Representative Ocasio-Cortez, Alexandria",New York,House: 2019-Present,14,Democratic,0.00,0,0
"Representative Olson, Pete",Texas,House: 2009-Present,22,Republican,0.00,,
"Representative Omar, Ilhan",Minnesota,House: 2019-Present,5,Democratic,0.00,0,0
"Representative Palazzo, Steven M.",Mississippi,House: 2011-Present,4,Republican,0.00,,
"Representative Pallone, Frank, Jr.",New Jersey,House: 1987-Present,6,Democratic,0.00,,
"Representative Palmer, Gary J.",Alabama,House: 2015-Present,6,Republican,0.00,,
"Representative Panetta, Jimmy",California,House: 2017-Present,20,Democratic,0.00,,
"Representative Pappas, Chris",New Hampshire,House: 2019-Present,1,Democratic,0.00,0,0
"Representative Pascrell, Bill, Jr.",New Jersey,House: 1997-Present,9,Democratic,0.00,,
"Senator Paul, Rand",Kentucky,Senate: 2011-Present,,Republican,0.00,,
"Representative Paulsen, Erik",Minnesota,House: 2009-2019,3,Republican,0.00,0,0
"Representative Payne, Donald M., Jr.",New Jersey,House: 2012-Present,10,Democratic,0.00,,
"Representative Pearce, Stevan",New Mexico,"House: 2003-2009, 2011-2019",2,Republican,0.00,0,0
"Representative Pelosi, Nancy",California,House: 1987-Present,12,Democratic,0.00,,
"Representative Pence, Greg",Indiana,House: 2019-Present,6,Republican,0.00,0,0
"Senator Perdue, David",Georgia,Senate: 2015-Present,,Republican,0.00,,
"Representative Perlmutter, Ed",Colorado,House: 2007-Present,7,Democratic,0.00,,
"Representative Perry, Scott",Pennsylvania,House: 2013-Present,10,Republican,0.00,,
"Senator Peters, Gary C.",Michigan,Senate: 2015-Present | House: 2009-2015,,Democratic,0.00,,
"Representative Peters, Scott H.",California,House: 2013-Present,52,Democratic,0.00,,
"Representative Peterson, Collin C.",Minnesota,House: 1991-Present,7,Democratic,0.00,,
"Representative Phillips, Dean",Minnesota,House: 2019-Present,3,Democratic,0.00,0,0
"Representative Pierluisi, Pedro R.",Puerto Rico,House: 2009-2017,,Democratic,0.00,0,0
"Representative Pingree, Chellie",Maine,House: 2009-Present,1,Democratic,0.00,,
"Representative Pittenger, Robert",North Carolina,House: 2013-2019,9,Republican,0.00,0,0
"Representative Pitts, Joseph R.",Pennsylvania,House: 1997-2017,16,Republican,0.00,0,0
"Representative Plaskett, Stacey E.",Virgin Islands,House: 2015-Present,,Democratic,0.00,,
"Representative Pocan, Mark",Wisconsin,House: 2013-Present,2,Democratic,0.00,,
"Representative Poe, Ted",Texas,House: 2005-2019,2,Republican,0.00,0,0
"Representative Poliquin, Bruce",Maine,House: 2015-2019,2,Republican,0.00,0,0
"Representative Polis, Jared",Colorado,House: 2009-2019,2,Democratic,0.00,0,0
"Representative Pompeo, Mike",Kansas,House: 2011-2017,4,Republican,0.00,0,0
"Representative Porter, Katie",California,House: 2019-Present,45,Democratic,0.00,0,0
"Senator Portman, Rob",Ohio,Senate: 2011-Present | House: 1993-2007,,Republican,0.00,,
"Representative Posey, Bill",Florida,House: 2009-Present,8,Republican,0.00,,
"Representative Pressley, Ayanna",Massachusetts,House: 2019-Present,7,Democratic,0.00,0,0
"Representative Price, David E.",North Carolina,"House: 1987-1995, 1997-Present",4,Democratic,0.00,,
"Representative Price, Tom",Georgia,House: 2005-2017,6,Republican,0.00,0,0
"Representative Quigley, Mike",Illinois,House: 2009-Present,5,Democratic,0.00,,
"Representative Radewagen, Aumua Amata Coleman",American Samoa,House: 2015-Present,,Republican,0.00,,
"Representative Rangel, Charles B.",New York,House: 1971-2017,13,Democratic,0.00,0,0
"Representative Raskin, Jamie",Maryland,House: 2017-Present,8,Democratic,0.00,,
"Representative Ratcliffe, John",Texas,House: 2015-Present,4,Republican,0.00,,
"Senator Reed, Jack",Rhode Island,Senate: 1997-Present | House: 1991-1997,,Democratic,0.00,,
"Representative Reed, Tom",New York,House: 2010-Present,23,Republican,0.00,,
"Representative Reichert, David G.",Washington,House: 2005-2019,8,Republican,0.00,0,0
"Senator Reid, Harry",Nevada,Senate: 1987-2017 | House: 1983-1987,,Democratic,0.00,0,0
"Representative Renacci, James B.",Ohio,House: 2011-2019,16,Republican,0.00,0,0
"Representative Reschenthaler, Guy",Pennsylvania,House: 2019-Present,14,Republican,0.00,,
"Representative Ribble, Reid J.",Wisconsin,House: 2011-2017,8,Republican,0.00,0,0
"Representative Rice, Kathleen M.",New York,House: 2015-Present,4,Democratic,0.00,,
"Representative Rice, Tom",South Carolina,House: 2013-Present,7,Republican,0.00,,
"Representative Richmond, Cedric L.",Louisiana,House: 2011-Present,2,Democratic,0.00,,
"Representative Rigell, E. Scott",Virginia,House: 2011-2017,2,Republican,0.00,0,0
"Representative Riggleman, Denver",Virginia,House: 2019-Present,5,Republican,0.00,0,0
"Senator Risch, James E.",Idaho,Senate: 2009-Present,,Republican,0.00,,
"Senator Roberts, Pat",Kansas,Senate: 1997-Present | House: 1981-1997,,Republican,0.00,,
"Representative Roby, Martha",Alabama,House: 2011-Present,2,Republican,0.00,,
"Representative Roe, David P.",Tennessee,House: 2009-Present,1,Republican,0.00,,
"Representative Rogers, Harold",Kentucky,House: 1981-Present,5,Republican,0.00,,
"Representative Rogers, Mike D.",Alabama,House: 2003-Present,3,Republican,0.00,,
"Representative Rohrabacher, Dana",California,House: 1989-2019,48,Republican,0.00,0,0
"Representative Rokita, Todd",Indiana,House: 2011-2019,4,Republican,0.00,0,0
"Senator Romney, Mitt ",Utah,Senate: 2019-Present,,Republican,0.00,0,0
"Representative Rooney, Francis",Florida,House: 2017-Present,19,Republican,0.00,,
"Representative Rooney, Thomas J.",Florida,House: 2009-2019,17,Republican,0.00,0,0
"Representative Ros-Lehtinen, Ileana",Florida,House: 1989-2019,27,Republican,0.00,0,0
"Representative Rose, John W.",Tennessee,House: 2019-Present,6,Republican,0.00,0,0
"Representative Rose, Max",New York,House: 2019-Present,11,Democratic,0.00,0,0
"Senator Rosen, Jacky",Nevada,Senate: 2019-Present | House: 2017-2019,,Democratic,0.00,0,0
"Representative Roskam, Peter J.",Illinois,House: 2007-2019,6,Republican,0.00,0,0
"Representative Ross, Dennis A.",Florida,House: 2011-2019,15,Republican,0.00,0,0
"Representative Rothfus, Keith J.",Pennsylvania,House: 2013-2019,12,Republican,0.00,0,0
"Representative Rouda, Harley",California,House: 2019-Present,48,Democratic,0.00,0,0
"Senator Rounds, Mike ",South Dakota,Senate: 2015-Present,,Republican,0.00,,
"Representative Rouzer, David",North Carolina,House: 2015-Present,7,Republican,0.00,,
"Representative Roy, Chip",Texas,House: 2019-Present,21,Republican,0.00,,
"Representative Roybal-Allard, Lucille",California,House: 1993-Present,40,Democratic,0.00,,
"Representative Royce, Edward R.",California,House: 1993-2019,39,Republican,0.00,0,0
"Senator Rubio, Marco",Florida,Senate: 2011-Present,,Republican,0.00,,
"Representative Ruiz, Raul",California,House: 2013-Present,36,Democratic,0.00,,
"Representative Ruppersberger, C. A. Dutch",Maryland,House: 2003-Present,2,Democratic,0.00,,
"Representative Rush, Bobby L.",Illinois,House: 1993-Present,1,Democratic,0.00,,
"Representative Russell, Steve",Oklahoma,House: 2015-2019,5,Republican,0.00,0,0
"Representative Rutherford, John H.",Florida,House: 2017-Present,4,Republican,0.00,,
"Representative Ryan, Paul D.",Wisconsin,House: 1999-2019,1,Republican,0.00,0,0
"Representative Ryan, Tim",Ohio,House: 2003-Present,13,Democratic,0.00,,
"Representative Sablan, Gregorio Kilili Camacho",Northern Mariana Islands,House: 2009-Present,,Democratic,0.00,,
"Representative Salmon, Matt",Arizona,"House: 1995-2001, 2013-2017",5,Republican,0.00,,
"Representative San Nicolas, Michael F. Q.",Guam,House: 2019-Present,,Democratic,0.00,0,0
"Representative Sanchez, Linda T.",California,House: 2003-Present,38,Democratic,0.00,,
"Representative Sanchez, Loretta",California,House: 1997-2017,46,Democratic,0.00,0,0
"Senator Sanders, Bernard",Vermont,Senate: 2007-Present | House: 1991-2007,,Independent,0.00,,
"Representative Sanford, Mark",South Carolina,"House: 1995-2001, 2013-2019",1,Republican,0.00,0,0
"Representative Sarbanes, John P.",Maryland,House: 2007-Present,3,Democratic,0.00,,
"Senator Sasse, Ben ",Nebraska,Senate: 2015-Present,,Republican,0.00,,
"Representative Scalise, Steve",Louisiana,House: 2008-Present,1,Republican,0.00,,
"Representative Scanlon, Mary Gay",Pennsylvania,House: 2018-Present,5,Democratic,0.00,,
"Representative Schakowsky, Janice D.",Illinois,House: 1999-Present,9,Democratic,0.00,,
"Senator Schatz, Brian",Hawaii,Senate: 2012-Present,,Democratic,0.00,,
"Representative Schiff, Adam B.",California,House: 2001-Present,28,Democratic,0.00,,
"Representative Schneider, Bradley Scott",Illinois,"House: 2013-2015, 2017-Present",10,Democratic,0.00,,
"Representative Schock, Aaron",Illinois,House: 2009-2015,18,Republican,0.00,0,0
"Representative Schrader, Kurt",Oregon,House: 2009-Present,5,Democratic,0.00,,
"Representative Schrier, Kim",Washington,House: 2019-Present,8,Democratic,0.00,,
"Senator Schumer, Charles E.",New York,Senate: 1999-Present | House: 1981-1999,,Democratic,0.00,,
"Representative Schweikert, David",Arizona,House: 2011-Present,6,Republican,0.00,,
"Representative Scott, Austin",Georgia,House: 2011-Present,8,Republican,0.00,,
"Representative Scott, David",Georgia,House: 2003-Present,13,Democratic,0.00,,
"Senator Scott, Rick ",Florida,Senate: 2019-Present,,Republican,0.00,,
"Representative Scott, Robert C. ""Bobby""",Virginia,House: 1993-Present,3,Democratic,0.00,,
"Senator Scott, Tim",South Carolina,Senate: 2013-Present | House: 2011-2013,,Republican,0.00,,
"Representative Sensenbrenner, F. James, Jr.",Wisconsin,House: 1979-Present,5,Republican,0.00,,
"Representative Serrano, Jose E.",New York,House: 1989-Present,15,Democratic,0.00,,
"Senator Sessions, Jeff",Alabama,Senate: 1997-2017,,Republican,0.00,0,0
"Representative Sessions, Pete",Texas,House: 1997-2019,32,Republican,0.00,0,0
"Representative Sewell, Terri A.",Alabama,House: 2011-Present,7,Democratic,0.00,,
"Senator Shaheen, Jeanne",New Hampshire,Senate: 2009-Present,,Democratic,0.00,,
"Representative Shalala, Donna E.",Florida,House: 2019-Present,27,Democratic,0.00,0,0
"Representative Shea-Porter, Carol",New Hampshire,"House: 2007-2011, 2013-2015, 2017-2019",1,Democratic,0.00,,
"Senator Shelby, Richard C.",Alabama,Senate: 1987-Present | House: 1979-1987,,Republican,0.00,,
"Representative Sherman, Brad",California,House: 1997-Present,30,Democratic,0.00,,
"Representative Sherrill, Mikie",New Jersey,House: 2019-Present,11,Democratic,0.00,0,0
"Representative Shimkus, John",Illinois,House: 1997-Present,15,Republican,0.00,,
"Representative Shuster, Bill",Pennsylvania,House: 2001-2019,9,Republican,0.00,0,0
"Representative Simpson, Michael K.",Idaho,House: 1999-Present,2,Republican,0.00,,
"Senator Sinema, Kyrsten",Arizona,Senate: 2019-Present | House: 2013-2019,,Democratic,0.00,0,0
"Representative Sires, Albio",New Jersey,House: 2005-Present,8,Democratic,0.00,,
"Representative Slaughter, Louise McIntosh",New York,House: 1987-2018,25,Democratic,0.00,,
"Representative Slotkin, Elissa",Michigan,House: 2019-Present,8,Democratic,0.00,0,0
"Representative Smith, Adam",Washington,House: 1997-Present,9,Democratic,0.00,,
"Representative Smith, Adrian",Nebraska,House: 2007-Present,3,Republican,0.00,,
"Representative Smith, Christopher H.",New Jersey,House: 1981-Present,4,Republican,0.00,,
"Representative Smith, Jason",Missouri,House: 2013-Present,8,Republican,0.00,,
"Representative Smith, Lamar",Texas,House: 1987-2019,21,Republican,0.00,0,0
"Senator Smith, Tina ",Minnesota,Senate: 2018-Present,,Democratic,0.00,,
"Representative Smucker, Lloyd",Pennsylvania,House: 2017-Present,11,Republican,0.00,,
"Representative Soto, Darren",Florida,House: 2017-Present,9,Democratic,0.00,,
"Representative Spanberger, Abigail Davis",Virginia,House: 2019-Present,7,Democratic,0.00,0,0
"Representative Spano, Ross",Florida,House: 2019-Present,15,Republican,0.00,0,0
"Representative Speier, Jackie",California,House: 2008-Present,14,Democratic,0.00,,
"Senator Stabenow, Debbie",Michigan,Senate: 2001-Present | House: 1997-2001,,Democratic,0.00,,
"Representative Stanton, Greg",Arizona,House: 2019-Present,9,Democratic,0.00,0,0
"Representative Stauber, Pete",Minnesota,House: 2019-Present,8,Republican,0.00,0,0
"Representative Stefanik, Elise M.",New York,House: 2015-Present,21,Republican,0.00,,
"Representative Steil, Bryan",Wisconsin,House: 2019-Present,1,Republican,0.00,0,0
"Representative Steube, W. Gregory",Florida,House: 2019-Present,17,Republican,0.00,0,0
"Representative Stevens, Haley M.",Michigan,House: 2019-Present,11,Democratic,0.00,0,0
"Representative Stewart, Chris",Utah,House: 2013-Present,2,Republican,0.00,,
"Representative Stivers, Steve",Ohio,House: 2011-Present,15,Republican,0.00,,
"Senator Strange, Luther",Alabama,Senate: 2017-2018,,Republican,0.00,0,0
"Representative Stutzman, Marlin A.",Indiana,House: 2010-2017,3,Republican,0.00,0,0
"Senator Sullivan, Dan ",Alaska,Senate: 2015-Present,,Republican,0.00,,
"Representative Suozzi, Thomas R.",New York,House: 2017-Present,3,Democratic,0.00,,
"Representative Swalwell, Eric",California,House: 2013-Present,15,Democratic,0.00,,
"Representative Takai, Mark",Hawaii,House: 2015-2016,1,Democratic,0.00,,
"Representative Takano, Mark",California,House: 2013-Present,41,Democratic,0.00,,
"Representative Taylor, Scott",Virginia,House: 2017-2019,2,Republican,0.00,0,0
"Representative Taylor, Van",Texas,House: 2019-Present,3,Republican,0.00,0,0
"Representative Tenney, Claudia",New York,House: 2017-2019,22,Republican,0.00,0,0
"Senator Tester, Jon",Montana,Senate: 2007-Present,,Democratic,0.00,,
"Representative Thompson, Bennie G.",Mississippi,House: 1993-Present,2,Democratic,0.00,,
"Representative Thompson, Glenn",Pennsylvania,House: 2009-Present,15,Republican,0.00,,
"Representative Thompson, Mike",California,House: 1999-Present,5,Democratic,0.00,,
"Representative Thornberry, Mac",Texas,House: 1995-Present,13,Republican,0.00,,
"Senator Thune, John",South Dakota,Senate: 2005-Present | House: 1997-2003,,Republican,0.00,,
"Representative Tiberi, Patrick J.",Ohio,House: 2001-2018,12,Republican,0.00,0,0
"Senator Tillis, Thom",North Carolina,Senate: 2015-Present,,Republican,0.00,,
"Representative Timmons, William R. IV",South Carolina,House: 2019-Present,4,Republican,0.00,,
"Representative Tipton, Scott  R.",Colorado,House: 2011-Present,3,Republican,0.00,,
"Representative Titus, Dina",Nevada,"House: 2009-2011, 2013-Present",1,Democratic,0.00,,
"Representative Tlaib, Rashida",Michigan,House: 2019-Present,13,Democratic,0.00,0,0
"Representative Tonko, Paul",New York,House: 2009-Present,20,Democratic,0.00,,
"Senator Toomey, Pat",Pennsylvania,Senate: 2011-Present | House: 1999-2005,,Republican,0.00,,
"Representative Torres Small, Xochitl",New Mexico,House: 2019-Present,2,Democratic,0.00,0,0
"Representative Torres, Norma J.",California,House: 2015-Present,35,Democratic,0.00,,
"Representative Trahan, Lori",Massachusetts,House: 2019-Present,3,Democratic,0.00,0,0
"Representative Trone, David J.",Maryland,House: 2019-Present,6,Democratic,0.00,0,0
"Representative Trott, David A.",Michigan,House: 2015-2019,11,Republican,0.00,0,0
"Representative Tsongas, Niki",Massachusetts,House: 2007-2019,3,Democratic,0.00,0,0
"Representative Turner, Michael R.",Ohio,House: 2003-Present,10,Republican,0.00,,
"Senator Udall, Tom",New Mexico,Senate: 2009-Present | House: 1999-2009,,Democratic,0.00,,
"Representative Underwood, Lauren",Illinois,House: 2019-Present,14,Democratic,0.00,0,0
"Representative Upton, Fred",Michigan,House: 1987-Present,6,Republican,0.00,,
"Representative Valadao, David G.",California,House: 2013-2019,21,Republican,0.00,0,0
"Representative Van Drew, Jefferson",New Jersey,House: 2019-Present,2,Democratic,0.00,0,0
"Senator Van Hollen, Chris",Maryland,Senate: 2017-Present | House: 2003-2017,,Democratic,0.00,,
"Representative Vargas, Juan",California,House: 2013-Present,51,Democratic,0.00,,
"Representative Veasey, Marc A.",Texas,House: 2013-Present,33,Democratic,0.00,,
"Representative Vela, Filemon",Texas,House: 2013-Present,34,Democratic,0.00,,
"Representative Velazquez, Nydia M.",New York,House: 1993-Present,7,Democratic,0.00,,
"Representative Visclosky, Peter J.",Indiana,House: 1985-Present,1,Democratic,0.00,,
"Senator Vitter, David",Louisiana,Senate: 2005-2017 | House: 1999-2005,,Republican,0.00,0,0
"Representative Wagner, Ann",Missouri,House: 2013-Present,2,Republican,0.00,,
"Representative Walberg, Tim",Michigan,"House: 2007-2009, 2011-Present",7,Republican,0.00,,
"Representative Walden, Greg",Oregon,House: 1999-Present,2,Republican,0.00,,
"Representative Walker, Mark",North Carolina,House: 2015-Present,6,Republican,0.00,,
"Representative Walorski, Jackie",Indiana,House: 2013-Present,2,Republican,0.00,,
"Representative Walters, Mimi",California,House: 2015-2019,45,Republican,0.00,0,0
"Representative Waltz, Michael",Florida,House: 2019-Present,6,Republican,0.00,0,0
"Representative Walz, Timothy J.",Minnesota,House: 2007-2019,1,Democratic,0.00,0,0
"Senator Warner, Mark R.",Virginia,Senate: 2009-Present,,Democratic,0.00,,
"Senator Warren, Elizabeth",Massachusetts,Senate: 2013-Present,,Democratic,0.00,,
"Representative Wasserman Schultz, Debbie",Florida,House: 2005-Present,23,Democratic,0.00,,
"Representative Waters, Maxine",California,House: 1991-Present,43,Democratic,0.00,,
"Representative Watkins, Steve",Kansas,House: 2019-Present,2,Republican,0.00,,
"Representative Watson Coleman, Bonnie",New Jersey,House: 2015-Present,12,Democratic,0.00,,
"Representative Weber, Randy K., Sr.",Texas,House: 2013-Present,14,Republican,0.00,,
"Representative Webster, Daniel",Florida,House: 2011-Present,11,Republican,0.00,,
"Representative Welch, Peter",Vermont,House: 2007-Present,,Democratic,0.00,,
"Representative Wenstrup, Brad R.",Ohio,House: 2013-Present,2,Republican,0.00,,
"Representative Westerman, Bruce",Arkansas,House: 2015-Present,4,Republican,0.00,,
"Representative Westmoreland, Lynn A.",Georgia,House: 2005-2017,3,Republican,0.00,0,0
"Representative Wexton, Jennifer",Virginia,House: 2019-Present,10,Democratic,0.00,,
"Senator Whitehouse, Sheldon",Rhode Island,Senate: 2007-Present,,Democratic,0.00,,
"Representative Whitfield, Ed",Kentucky,House: 1995-2016,1,Republican,0.00,0,0
"Senator Wicker, Roger F.",Mississippi,Senate: 2007-Present | House: 1995-2007,,Republican,0.00,,
"Representative Wild, Susan",Pennsylvania,House: 2018-Present,7,Democratic,0.00,,
"Representative Williams, Roger",Texas,House: 2013-Present,25,Republican,0.00,,
"Representative Wilson, Frederica S.",Florida,House: 2011-Present,24,Democratic,0.00,,
"Representative Wilson, Joe",South Carolina,House: 2001-Present,2,Republican,0.00,,
"Representative Wittman, Robert J.",Virginia,House: 2007-Present,1,Republican,0.00,,
"Representative Womack, Steve",Arkansas,House: 2011-Present,3,Republican,0.00,,
"Representative Woodall, Rob",Georgia,House: 2011-Present,7,Republican,0.00,,
"Representative Wright, Ron",Texas,House: 2019-Present,6,Republican,0.00,0,0
"Senator Wyden, Ron",Oregon,Senate: 1996-Present | House: 1981-1996,,Democratic,0.00,,
"Representative Yarmuth, John A.",Kentucky,House: 2007-Present,3,Democratic,0.00,,
"Representative Yoder, Kevin",Kansas,House: 2011-2019,3,Republican,0.00,0,0
"Representative Yoho, Ted S.",Florida,House: 2013-Present,3,Republican,0.00,,
"Representative Young, David",Iowa,House: 2015-2019,3,Republican,0.00,0,0
"Representative Young, Don",Alaska,House: 1973-Present,,Republican,0.00,,
"Senator Young, Todd",Indiana,Senate: 2017-Present | House: 2011-2017,,Republican,0.00,,
"Representative Zeldin, Lee M.",New York,House: 2015-Present,1,Republican,0.00,,
"Representative Zinke, Ryan K.",Montana,House: 2015-2017,,Republican,0.00,0,0
